[
    {
        "MATINH": "92",
        "TINH": "Thành phố Cần Thơ",
        "MAHUYEN": "925",
        "HUYEN": "Huyện Cờ Đỏ"
    },
    {
        "MATINH": "92",
        "TINH": "Thành phố Cần Thơ",
        "MAHUYEN": "926",
        "HUYEN": "Huyện Phong Điền"
    },
    {
        "MATINH": "92",
        "TINH": "Thành phố Cần Thơ",
        "MAHUYEN": "927",
        "HUYEN": "Huyện Thới Lai"
    },
    {
        "MATINH": "92",
        "TINH": "Thành phố Cần Thơ",
        "MAHUYEN": "924",
        "HUYEN": "Huyện Vĩnh Thạnh"
    },
    {
        "MATINH": "92",
        "TINH": "Thành phố Cần Thơ",
        "MAHUYEN": "918",
        "HUYEN": "Quận Bình Thuỷ"
    },
    {
        "MATINH": "92",
        "TINH": "Thành phố Cần Thơ",
        "MAHUYEN": "919",
        "HUYEN": "Quận Cái Răng"
    },
    {
        "MATINH": "92",
        "TINH": "Thành phố Cần Thơ",
        "MAHUYEN": "916",
        "HUYEN": "Quận Ninh Kiều"
    },
    {
        "MATINH": "92",
        "TINH": "Thành phố Cần Thơ",
        "MAHUYEN": "917",
        "HUYEN": "Quận Ô Môn"
    },
    {
        "MATINH": "92",
        "TINH": "Thành phố Cần Thơ",
        "MAHUYEN": "923",
        "HUYEN": "Quận Thốt Nốt"
    },
    {
        "MATINH": "48",
        "TINH": "Thành phố Đà Nẵng",
        "MAHUYEN": "497",
        "HUYEN": "Huyện Hòa Vang"
    },
    {
        "MATINH": "48",
        "TINH": "Thành phố Đà Nẵng",
        "MAHUYEN": "495",
        "HUYEN": "Quận Cẩm Lệ"
    },
    {
        "MATINH": "48",
        "TINH": "Thành phố Đà Nẵng",
        "MAHUYEN": "492",
        "HUYEN": "Quận Hải Châu"
    },
    {
        "MATINH": "48",
        "TINH": "Thành phố Đà Nẵng",
        "MAHUYEN": "490",
        "HUYEN": "Quận Liên Chiểu"
    },
    {
        "MATINH": "48",
        "TINH": "Thành phố Đà Nẵng",
        "MAHUYEN": "494",
        "HUYEN": "Quận Ngũ Hành Sơn"
    },
    {
        "MATINH": "48",
        "TINH": "Thành phố Đà Nẵng",
        "MAHUYEN": "493",
        "HUYEN": "Quận Sơn Trà"
    },
    {
        "MATINH": "48",
        "TINH": "Thành phố Đà Nẵng",
        "MAHUYEN": "491",
        "HUYEN": "Quận Thanh Khê"
    },
    {
        "MATINH": "1",
        "TINH": "Thành phố Hà Nội",
        "MAHUYEN": "271",
        "HUYEN": "Huyện Ba Vì"
    },
    {
        "MATINH": "1",
        "TINH": "Thành phố Hà Nội",
        "MAHUYEN": "277",
        "HUYEN": "Huyện Chương Mỹ"
    },
    {
        "MATINH": "1",
        "TINH": "Thành phố Hà Nội",
        "MAHUYEN": "273",
        "HUYEN": "Huyện Đan Phượng"
    },
    {
        "MATINH": "1",
        "TINH": "Thành phố Hà Nội",
        "MAHUYEN": "17",
        "HUYEN": "Huyện Đông Anh"
    },
    {
        "MATINH": "1",
        "TINH": "Thành phố Hà Nội",
        "MAHUYEN": "18",
        "HUYEN": "Huyện Gia Lâm"
    },
    {
        "MATINH": "1",
        "TINH": "Thành phố Hà Nội",
        "MAHUYEN": "274",
        "HUYEN": "Huyện Hoài Đức"
    },
    {
        "MATINH": "1",
        "TINH": "Thành phố Hà Nội",
        "MAHUYEN": "250",
        "HUYEN": "Huyện Mê Linh"
    },
    {
        "MATINH": "1",
        "TINH": "Thành phố Hà Nội",
        "MAHUYEN": "282",
        "HUYEN": "Huyện Mỹ Đức"
    },
    {
        "MATINH": "1",
        "TINH": "Thành phố Hà Nội",
        "MAHUYEN": "280",
        "HUYEN": "Huyện Phú Xuyên"
    },
    {
        "MATINH": "1",
        "TINH": "Thành phố Hà Nội",
        "MAHUYEN": "272",
        "HUYEN": "Huyện Phúc Thọ"
    },
    {
        "MATINH": "1",
        "TINH": "Thành phố Hà Nội",
        "MAHUYEN": "275",
        "HUYEN": "Huyện Quốc Oai"
    },
    {
        "MATINH": "1",
        "TINH": "Thành phố Hà Nội",
        "MAHUYEN": "16",
        "HUYEN": "Huyện Sóc Sơn"
    },
    {
        "MATINH": "1",
        "TINH": "Thành phố Hà Nội",
        "MAHUYEN": "276",
        "HUYEN": "Huyện Thạch Thất"
    },
    {
        "MATINH": "1",
        "TINH": "Thành phố Hà Nội",
        "MAHUYEN": "278",
        "HUYEN": "Huyện Thanh Oai"
    },
    {
        "MATINH": "1",
        "TINH": "Thành phố Hà Nội",
        "MAHUYEN": "20",
        "HUYEN": "Huyện Thanh Trì"
    },
    {
        "MATINH": "1",
        "TINH": "Thành phố Hà Nội",
        "MAHUYEN": "279",
        "HUYEN": "Huyện Thường Tín"
    },
    {
        "MATINH": "1",
        "TINH": "Thành phố Hà Nội",
        "MAHUYEN": "281",
        "HUYEN": "Huyện ứng Hòa"
    },
    {
        "MATINH": "1",
        "TINH": "Thành phố Hà Nội",
        "MAHUYEN": "1",
        "HUYEN": "Quận Ba Đình"
    },
    {
        "MATINH": "1",
        "TINH": "Thành phố Hà Nội",
        "MAHUYEN": "21",
        "HUYEN": "Quận Bắc Từ Liêm"
    },
    {
        "MATINH": "1",
        "TINH": "Thành phố Hà Nội",
        "MAHUYEN": "5",
        "HUYEN": "Quận Cầu Giấy"
    },
    {
        "MATINH": "1",
        "TINH": "Thành phố Hà Nội",
        "MAHUYEN": "6",
        "HUYEN": "Quận Đống Đa"
    },
    {
        "MATINH": "1",
        "TINH": "Thành phố Hà Nội",
        "MAHUYEN": "268",
        "HUYEN": "Quận Hà Đông"
    },
    {
        "MATINH": "1",
        "TINH": "Thành phố Hà Nội",
        "MAHUYEN": "7",
        "HUYEN": "Quận Hai Bà Trưng"
    },
    {
        "MATINH": "1",
        "TINH": "Thành phố Hà Nội",
        "MAHUYEN": "2",
        "HUYEN": "Quận Hoàn Kiếm"
    },
    {
        "MATINH": "1",
        "TINH": "Thành phố Hà Nội",
        "MAHUYEN": "8",
        "HUYEN": "Quận Hoàng Mai"
    },
    {
        "MATINH": "1",
        "TINH": "Thành phố Hà Nội",
        "MAHUYEN": "4",
        "HUYEN": "Quận Long Biên"
    },
    {
        "MATINH": "1",
        "TINH": "Thành phố Hà Nội",
        "MAHUYEN": "19",
        "HUYEN": "Quận Nam Từ Liêm"
    },
    {
        "MATINH": "1",
        "TINH": "Thành phố Hà Nội",
        "MAHUYEN": "3",
        "HUYEN": "Quận Tây Hồ"
    },
    {
        "MATINH": "1",
        "TINH": "Thành phố Hà Nội",
        "MAHUYEN": "9",
        "HUYEN": "Quận Thanh Xuân"
    },
    {
        "MATINH": "1",
        "TINH": "Thành phố Hà Nội",
        "MAHUYEN": "269",
        "HUYEN": "Thị xã Sơn Tây"
    },
    {
        "MATINH": "31",
        "TINH": "Thành phố Hải Phòng",
        "MAHUYEN": "318",
        "HUYEN": "Bạch Long Vỹ"
    },
    {
        "MATINH": "31",
        "TINH": "Thành phố Hải Phòng",
        "MAHUYEN": "312",
        "HUYEN": "Huyện An Dương"
    },
    {
        "MATINH": "31",
        "TINH": "Thành phố Hải Phòng",
        "MAHUYEN": "313",
        "HUYEN": "Huyện An Lão"
    },
    {
        "MATINH": "31",
        "TINH": "Thành phố Hải Phòng",
        "MAHUYEN": "317",
        "HUYEN": "Huyện Cát Hải"
    },
    {
        "MATINH": "31",
        "TINH": "Thành phố Hải Phòng",
        "MAHUYEN": "314",
        "HUYEN": "Huyện Kiến Thuỵ"
    },
    {
        "MATINH": "31",
        "TINH": "Thành phố Hải Phòng",
        "MAHUYEN": "311",
        "HUYEN": "Huyện Thuỷ Nguyên"
    },
    {
        "MATINH": "31",
        "TINH": "Thành phố Hải Phòng",
        "MAHUYEN": "315",
        "HUYEN": "Huyện Tiên Lãng"
    },
    {
        "MATINH": "31",
        "TINH": "Thành phố Hải Phòng",
        "MAHUYEN": "316",
        "HUYEN": "Huyện Vĩnh Bảo"
    },
    {
        "MATINH": "31",
        "TINH": "Thành phố Hải Phòng",
        "MAHUYEN": "308",
        "HUYEN": "Quận Đồ Sơn"
    },
    {
        "MATINH": "31",
        "TINH": "Thành phố Hải Phòng",
        "MAHUYEN": "309",
        "HUYEN": "Quận Dương Kinh"
    },
    {
        "MATINH": "31",
        "TINH": "Thành phố Hải Phòng",
        "MAHUYEN": "306",
        "HUYEN": "Quận Hải An"
    },
    {
        "MATINH": "31",
        "TINH": "Thành phố Hải Phòng",
        "MAHUYEN": "303",
        "HUYEN": "Quận Hồng Bàng"
    },
    {
        "MATINH": "31",
        "TINH": "Thành phố Hải Phòng",
        "MAHUYEN": "307",
        "HUYEN": "Quận Kiến An"
    },
    {
        "MATINH": "31",
        "TINH": "Thành phố Hải Phòng",
        "MAHUYEN": "305",
        "HUYEN": "Quận Lê Chân"
    },
    {
        "MATINH": "31",
        "TINH": "Thành phố Hải Phòng",
        "MAHUYEN": "304",
        "HUYEN": "Quận Ngô Quyền"
    },
    {
        "MATINH": "79",
        "TINH": "Thành phố Hồ Chí Minh",
        "MAHUYEN": "785",
        "HUYEN": "Huyện Bình Chánh"
    },
    {
        "MATINH": "79",
        "TINH": "Thành phố Hồ Chí Minh",
        "MAHUYEN": "787",
        "HUYEN": "Huyện Cần Giờ"
    },
    {
        "MATINH": "79",
        "TINH": "Thành phố Hồ Chí Minh",
        "MAHUYEN": "783",
        "HUYEN": "Huyện Củ Chi"
    },
    {
        "MATINH": "79",
        "TINH": "Thành phố Hồ Chí Minh",
        "MAHUYEN": "784",
        "HUYEN": "Huyện Hóc Môn"
    },
    {
        "MATINH": "79",
        "TINH": "Thành phố Hồ Chí Minh",
        "MAHUYEN": "786",
        "HUYEN": "Huyện Nhà Bè"
    },
    {
        "MATINH": "79",
        "TINH": "Thành phố Hồ Chí Minh",
        "MAHUYEN": "760",
        "HUYEN": "Quận 1"
    },
    {
        "MATINH": "79",
        "TINH": "Thành phố Hồ Chí Minh",
        "MAHUYEN": "771",
        "HUYEN": "Quận 10"
    },
    {
        "MATINH": "79",
        "TINH": "Thành phố Hồ Chí Minh",
        "MAHUYEN": "772",
        "HUYEN": "Quận 11"
    },
    {
        "MATINH": "79",
        "TINH": "Thành phố Hồ Chí Minh",
        "MAHUYEN": "761",
        "HUYEN": "Quận 12"
    },
    {
        "MATINH": "79",
        "TINH": "Thành phố Hồ Chí Minh",
        "MAHUYEN": "769",
        "HUYEN": "Quận 2"
    },
    {
        "MATINH": "79",
        "TINH": "Thành phố Hồ Chí Minh",
        "MAHUYEN": "770",
        "HUYEN": "Quận 3"
    },
    {
        "MATINH": "79",
        "TINH": "Thành phố Hồ Chí Minh",
        "MAHUYEN": "773",
        "HUYEN": "Quận 4"
    },
    {
        "MATINH": "79",
        "TINH": "Thành phố Hồ Chí Minh",
        "MAHUYEN": "774",
        "HUYEN": "Quận 5"
    },
    {
        "MATINH": "79",
        "TINH": "Thành phố Hồ Chí Minh",
        "MAHUYEN": "775",
        "HUYEN": "Quận 6"
    },
    {
        "MATINH": "79",
        "TINH": "Thành phố Hồ Chí Minh",
        "MAHUYEN": "778",
        "HUYEN": "Quận 7"
    },
    {
        "MATINH": "79",
        "TINH": "Thành phố Hồ Chí Minh",
        "MAHUYEN": "776",
        "HUYEN": "Quận 8"
    },
    {
        "MATINH": "79",
        "TINH": "Thành phố Hồ Chí Minh",
        "MAHUYEN": "763",
        "HUYEN": "Quận 9"
    },
    {
        "MATINH": "79",
        "TINH": "Thành phố Hồ Chí Minh",
        "MAHUYEN": "777",
        "HUYEN": "Quận Bình Tân"
    },
    {
        "MATINH": "79",
        "TINH": "Thành phố Hồ Chí Minh",
        "MAHUYEN": "765",
        "HUYEN": "Quận Bình Thạnh"
    },
    {
        "MATINH": "79",
        "TINH": "Thành phố Hồ Chí Minh",
        "MAHUYEN": "764",
        "HUYEN": "Quận Gò Vấp"
    },
    {
        "MATINH": "79",
        "TINH": "Thành phố Hồ Chí Minh",
        "MAHUYEN": "768",
        "HUYEN": "Quận Phú Nhuận"
    },
    {
        "MATINH": "79",
        "TINH": "Thành phố Hồ Chí Minh",
        "MAHUYEN": "766",
        "HUYEN": "Quận Tân Bình"
    },
    {
        "MATINH": "79",
        "TINH": "Thành phố Hồ Chí Minh",
        "MAHUYEN": "767",
        "HUYEN": "Quận Tân Phú"
    },
    {
        "MATINH": "79",
        "TINH": "Thành phố Hồ Chí Minh",
        "MAHUYEN": "762",
        "HUYEN": "Quận Thủ Đức"
    },
    {
        "MATINH": "89",
        "TINH": "Tỉnh An Giang",
        "MAHUYEN": "886",
        "HUYEN": "Huyện An Phú"
    },
    {
        "MATINH": "89",
        "TINH": "Tỉnh An Giang",
        "MAHUYEN": "889",
        "HUYEN": "Huyện Châu Phú"
    },
    {
        "MATINH": "89",
        "TINH": "Tỉnh An Giang",
        "MAHUYEN": "892",
        "HUYEN": "Huyện Châu Thành"
    },
    {
        "MATINH": "89",
        "TINH": "Tỉnh An Giang",
        "MAHUYEN": "893",
        "HUYEN": "Huyện Chợ Mới"
    },
    {
        "MATINH": "89",
        "TINH": "Tỉnh An Giang",
        "MAHUYEN": "888",
        "HUYEN": "Huyện Phú Tân"
    },
    {
        "MATINH": "89",
        "TINH": "Tỉnh An Giang",
        "MAHUYEN": "894",
        "HUYEN": "Huyện Thoại Sơn"
    },
    {
        "MATINH": "89",
        "TINH": "Tỉnh An Giang",
        "MAHUYEN": "890",
        "HUYEN": "Huyện Tịnh Biên"
    },
    {
        "MATINH": "89",
        "TINH": "Tỉnh An Giang",
        "MAHUYEN": "891",
        "HUYEN": "Huyện Tri Tôn"
    },
    {
        "MATINH": "89",
        "TINH": "Tỉnh An Giang",
        "MAHUYEN": "884",
        "HUYEN": "Thành phố Châu Đốc"
    },
    {
        "MATINH": "89",
        "TINH": "Tỉnh An Giang",
        "MAHUYEN": "883",
        "HUYEN": "Thành phố Long Xuyên"
    },
    {
        "MATINH": "89",
        "TINH": "Tỉnh An Giang",
        "MAHUYEN": "887",
        "HUYEN": "Thị xã Tân Châu"
    },
    {
        "MATINH": "77",
        "TINH": "Tỉnh Bà Rịa - Vũng Tàu",
        "MAHUYEN": "755",
        "HUYEN": "Côn Đảo"
    },
    {
        "MATINH": "77",
        "TINH": "Tỉnh Bà Rịa - Vũng Tàu",
        "MAHUYEN": "750",
        "HUYEN": "Huyện Châu Đức"
    },
    {
        "MATINH": "77",
        "TINH": "Tỉnh Bà Rịa - Vũng Tàu",
        "MAHUYEN": "753",
        "HUYEN": "Huyện Đất Đỏ"
    },
    {
        "MATINH": "77",
        "TINH": "Tỉnh Bà Rịa - Vũng Tàu",
        "MAHUYEN": "752",
        "HUYEN": "Huyện Long Điền"
    },
    {
        "MATINH": "77",
        "TINH": "Tỉnh Bà Rịa - Vũng Tàu",
        "MAHUYEN": "754",
        "HUYEN": "Huyện Tân Thành"
    },
    {
        "MATINH": "77",
        "TINH": "Tỉnh Bà Rịa - Vũng Tàu",
        "MAHUYEN": "751",
        "HUYEN": "Huyện Xuyên Mộc"
    },
    {
        "MATINH": "77",
        "TINH": "Tỉnh Bà Rịa - Vũng Tàu",
        "MAHUYEN": "748",
        "HUYEN": "Thành phố Bà Rịa"
    },
    {
        "MATINH": "77",
        "TINH": "Tỉnh Bà Rịa - Vũng Tàu",
        "MAHUYEN": "747",
        "HUYEN": "Thành phố Vũng Tàu"
    },
    {
        "MATINH": "24",
        "TINH": "Tỉnh Bắc Giang",
        "MAHUYEN": "223",
        "HUYEN": "Huyện Hiệp Hòa"
    },
    {
        "MATINH": "24",
        "TINH": "Tỉnh Bắc Giang",
        "MAHUYEN": "217",
        "HUYEN": "Huyện Lạng Giang"
    },
    {
        "MATINH": "24",
        "TINH": "Tỉnh Bắc Giang",
        "MAHUYEN": "218",
        "HUYEN": "Huyện Lục Nam"
    },
    {
        "MATINH": "24",
        "TINH": "Tỉnh Bắc Giang",
        "MAHUYEN": "219",
        "HUYEN": "Huyện Lục Ngạn"
    },
    {
        "MATINH": "24",
        "TINH": "Tỉnh Bắc Giang",
        "MAHUYEN": "220",
        "HUYEN": "Huyện Sơn Động"
    },
    {
        "MATINH": "24",
        "TINH": "Tỉnh Bắc Giang",
        "MAHUYEN": "216",
        "HUYEN": "Huyện Tân Yên"
    },
    {
        "MATINH": "24",
        "TINH": "Tỉnh Bắc Giang",
        "MAHUYEN": "222",
        "HUYEN": "Huyện Việt Yên"
    },
    {
        "MATINH": "24",
        "TINH": "Tỉnh Bắc Giang",
        "MAHUYEN": "221",
        "HUYEN": "Huyện Yên Dũng"
    },
    {
        "MATINH": "24",
        "TINH": "Tỉnh Bắc Giang",
        "MAHUYEN": "215",
        "HUYEN": "Huyện Yên Thế"
    },
    {
        "MATINH": "24",
        "TINH": "Tỉnh Bắc Giang",
        "MAHUYEN": "213",
        "HUYEN": "Thành phố Bắc Giang"
    },
    {
        "MATINH": "6",
        "TINH": "Tỉnh Bắc Kạn",
        "MAHUYEN": "61",
        "HUYEN": "Huyện Ba Bể"
    },
    {
        "MATINH": "6",
        "TINH": "Tỉnh Bắc Kạn",
        "MAHUYEN": "63",
        "HUYEN": "Huyện Bạch Thông"
    },
    {
        "MATINH": "6",
        "TINH": "Tỉnh Bắc Kạn",
        "MAHUYEN": "64",
        "HUYEN": "Huyện Chợ Đồn"
    },
    {
        "MATINH": "6",
        "TINH": "Tỉnh Bắc Kạn",
        "MAHUYEN": "65",
        "HUYEN": "Huyện Chợ Mới"
    },
    {
        "MATINH": "6",
        "TINH": "Tỉnh Bắc Kạn",
        "MAHUYEN": "66",
        "HUYEN": "Huyện Na Rì"
    },
    {
        "MATINH": "6",
        "TINH": "Tỉnh Bắc Kạn",
        "MAHUYEN": "62",
        "HUYEN": "Huyện Ngân Sơn"
    },
    {
        "MATINH": "6",
        "TINH": "Tỉnh Bắc Kạn",
        "MAHUYEN": "60",
        "HUYEN": "Huyện Pác Nặm"
    },
    {
        "MATINH": "6",
        "TINH": "Tỉnh Bắc Kạn",
        "MAHUYEN": "58",
        "HUYEN": "Thành Phố Bắc Kạn"
    },
    {
        "MATINH": "95",
        "TINH": "Tỉnh Bạc Liêu",
        "MAHUYEN": "960",
        "HUYEN": "Huyện Đông Hải"
    },
    {
        "MATINH": "95",
        "TINH": "Tỉnh Bạc Liêu",
        "MAHUYEN": "961",
        "HUYEN": "Huyện Hoà Bình"
    },
    {
        "MATINH": "95",
        "TINH": "Tỉnh Bạc Liêu",
        "MAHUYEN": "956",
        "HUYEN": "Huyện Hồng Dân"
    },
    {
        "MATINH": "95",
        "TINH": "Tỉnh Bạc Liêu",
        "MAHUYEN": "957",
        "HUYEN": "Huyện Phước Long"
    },
    {
        "MATINH": "95",
        "TINH": "Tỉnh Bạc Liêu",
        "MAHUYEN": "958",
        "HUYEN": "Huyện Vĩnh Lợi"
    },
    {
        "MATINH": "95",
        "TINH": "Tỉnh Bạc Liêu",
        "MAHUYEN": "954",
        "HUYEN": "Thành phố Bạc Liêu"
    },
    {
        "MATINH": "95",
        "TINH": "Tỉnh Bạc Liêu",
        "MAHUYEN": "959",
        "HUYEN": "Thị xã Giá Rai"
    },
    {
        "MATINH": "27",
        "TINH": "Tỉnh Bắc Ninh",
        "MAHUYEN": "263",
        "HUYEN": "Huyện Gia Bình"
    },
    {
        "MATINH": "27",
        "TINH": "Tỉnh Bắc Ninh",
        "MAHUYEN": "264",
        "HUYEN": "Huyện Lương Tài"
    },
    {
        "MATINH": "27",
        "TINH": "Tỉnh Bắc Ninh",
        "MAHUYEN": "259",
        "HUYEN": "Huyện Quế Võ"
    },
    {
        "MATINH": "27",
        "TINH": "Tỉnh Bắc Ninh",
        "MAHUYEN": "262",
        "HUYEN": "Huyện Thuận Thành"
    },
    {
        "MATINH": "27",
        "TINH": "Tỉnh Bắc Ninh",
        "MAHUYEN": "260",
        "HUYEN": "Huyện Tiên Du"
    },
    {
        "MATINH": "27",
        "TINH": "Tỉnh Bắc Ninh",
        "MAHUYEN": "258",
        "HUYEN": "Huyện Yên Phong"
    },
    {
        "MATINH": "27",
        "TINH": "Tỉnh Bắc Ninh",
        "MAHUYEN": "256",
        "HUYEN": "Thành phố Bắc Ninh"
    },
    {
        "MATINH": "27",
        "TINH": "Tỉnh Bắc Ninh",
        "MAHUYEN": "261",
        "HUYEN": "Thị xã Từ Sơn"
    },
    {
        "MATINH": "83",
        "TINH": "Tỉnh Bến Tre",
        "MAHUYEN": "836",
        "HUYEN": "Huyện Ba Tri"
    },
    {
        "MATINH": "83",
        "TINH": "Tỉnh Bến Tre",
        "MAHUYEN": "835",
        "HUYEN": "Huyện Bình Đại"
    },
    {
        "MATINH": "83",
        "TINH": "Tỉnh Bến Tre",
        "MAHUYEN": "831",
        "HUYEN": "Huyện Châu Thành"
    },
    {
        "MATINH": "83",
        "TINH": "Tỉnh Bến Tre",
        "MAHUYEN": "832",
        "HUYEN": "Huyện Chợ Lách"
    },
    {
        "MATINH": "83",
        "TINH": "Tỉnh Bến Tre",
        "MAHUYEN": "834",
        "HUYEN": "Huyện Giồng Trôm"
    },
    {
        "MATINH": "83",
        "TINH": "Tỉnh Bến Tre",
        "MAHUYEN": "838",
        "HUYEN": "Huyện Mỏ Cày Bắc"
    },
    {
        "MATINH": "83",
        "TINH": "Tỉnh Bến Tre",
        "MAHUYEN": "833",
        "HUYEN": "Huyện Mỏ Cày Nam"
    },
    {
        "MATINH": "83",
        "TINH": "Tỉnh Bến Tre",
        "MAHUYEN": "837",
        "HUYEN": "Huyện Thạnh Phú"
    },
    {
        "MATINH": "83",
        "TINH": "Tỉnh Bến Tre",
        "MAHUYEN": "829",
        "HUYEN": "Thành phố Bến Tre"
    },
    {
        "MATINH": "52",
        "TINH": "Tỉnh Bình Định",
        "MAHUYEN": "542",
        "HUYEN": "Huyện An Lão"
    },
    {
        "MATINH": "52",
        "TINH": "Tỉnh Bình Định",
        "MAHUYEN": "544",
        "HUYEN": "Huyện Hoài Ân"
    },
    {
        "MATINH": "52",
        "TINH": "Tỉnh Bình Định",
        "MAHUYEN": "543",
        "HUYEN": "Huyện Hoài Nhơn"
    },
    {
        "MATINH": "52",
        "TINH": "Tỉnh Bình Định",
        "MAHUYEN": "548",
        "HUYEN": "Huyện Phù Cát"
    },
    {
        "MATINH": "52",
        "TINH": "Tỉnh Bình Định",
        "MAHUYEN": "545",
        "HUYEN": "Huyện Phù Mỹ"
    },
    {
        "MATINH": "52",
        "TINH": "Tỉnh Bình Định",
        "MAHUYEN": "547",
        "HUYEN": "Huyện Tây Sơn"
    },
    {
        "MATINH": "52",
        "TINH": "Tỉnh Bình Định",
        "MAHUYEN": "550",
        "HUYEN": "Huyện Tuy Phước"
    },
    {
        "MATINH": "52",
        "TINH": "Tỉnh Bình Định",
        "MAHUYEN": "551",
        "HUYEN": "Huyện Vân Canh"
    },
    {
        "MATINH": "52",
        "TINH": "Tỉnh Bình Định",
        "MAHUYEN": "546",
        "HUYEN": "Huyện Vĩnh Thạnh"
    },
    {
        "MATINH": "52",
        "TINH": "Tỉnh Bình Định",
        "MAHUYEN": "540",
        "HUYEN": "Thành phố Qui Nhơn"
    },
    {
        "MATINH": "52",
        "TINH": "Tỉnh Bình Định",
        "MAHUYEN": "549",
        "HUYEN": "Thị xã An Nhơn"
    },
    {
        "MATINH": "74",
        "TINH": "Tỉnh Bình Dương",
        "MAHUYEN": "726",
        "HUYEN": "Huyện Bắc Tân Uyên"
    },
    {
        "MATINH": "74",
        "TINH": "Tỉnh Bình Dương",
        "MAHUYEN": "719",
        "HUYEN": "Huyện Bàu Bàng"
    },
    {
        "MATINH": "74",
        "TINH": "Tỉnh Bình Dương",
        "MAHUYEN": "720",
        "HUYEN": "Huyện Dầu Tiếng"
    },
    {
        "MATINH": "74",
        "TINH": "Tỉnh Bình Dương",
        "MAHUYEN": "722",
        "HUYEN": "Huyện Phú Giáo"
    },
    {
        "MATINH": "74",
        "TINH": "Tỉnh Bình Dương",
        "MAHUYEN": "718",
        "HUYEN": "Thành phố Thủ Dầu Một"
    },
    {
        "MATINH": "74",
        "TINH": "Tỉnh Bình Dương",
        "MAHUYEN": "721",
        "HUYEN": "Thị xã Bến Cát"
    },
    {
        "MATINH": "74",
        "TINH": "Tỉnh Bình Dương",
        "MAHUYEN": "724",
        "HUYEN": "Thị xã Dĩ An"
    },
    {
        "MATINH": "74",
        "TINH": "Tỉnh Bình Dương",
        "MAHUYEN": "723",
        "HUYEN": "Thị xã Tân Uyên"
    },
    {
        "MATINH": "74",
        "TINH": "Tỉnh Bình Dương",
        "MAHUYEN": "725",
        "HUYEN": "Thị xã Thuận An"
    },
    {
        "MATINH": "70",
        "TINH": "Tỉnh Bình Phước",
        "MAHUYEN": "696",
        "HUYEN": "Huyện Bù Đăng"
    },
    {
        "MATINH": "70",
        "TINH": "Tỉnh Bình Phước",
        "MAHUYEN": "693",
        "HUYEN": "Huyện Bù Đốp"
    },
    {
        "MATINH": "70",
        "TINH": "Tỉnh Bình Phước",
        "MAHUYEN": "691",
        "HUYEN": "Huyện Bù Gia Mập"
    },
    {
        "MATINH": "70",
        "TINH": "Tỉnh Bình Phước",
        "MAHUYEN": "697",
        "HUYEN": "Huyện Chơn Thành"
    },
    {
        "MATINH": "70",
        "TINH": "Tỉnh Bình Phước",
        "MAHUYEN": "695",
        "HUYEN": "Huyện Đồng Phú"
    },
    {
        "MATINH": "70",
        "TINH": "Tỉnh Bình Phước",
        "MAHUYEN": "694",
        "HUYEN": "Huyện Hớn Quản"
    },
    {
        "MATINH": "70",
        "TINH": "Tỉnh Bình Phước",
        "MAHUYEN": "692",
        "HUYEN": "Huyện Lộc Ninh"
    },
    {
        "MATINH": "70",
        "TINH": "Tỉnh Bình Phước",
        "MAHUYEN": "698",
        "HUYEN": "Huyện Phú Riềng"
    },
    {
        "MATINH": "70",
        "TINH": "Tỉnh Bình Phước",
        "MAHUYEN": "690",
        "HUYEN": "Thị xã Bình Long"
    },
    {
        "MATINH": "70",
        "TINH": "Tỉnh Bình Phước",
        "MAHUYEN": "689",
        "HUYEN": "Thị xã Đồng Xoài"
    },
    {
        "MATINH": "70",
        "TINH": "Tỉnh Bình Phước",
        "MAHUYEN": "688",
        "HUYEN": "Thị xã Phước Long"
    },
    {
        "MATINH": "60",
        "TINH": "Tỉnh Bình Thuận",
        "MAHUYEN": "596",
        "HUYEN": "Huyện Bắc Bình"
    },
    {
        "MATINH": "60",
        "TINH": "Tỉnh Bình Thuận",
        "MAHUYEN": "600",
        "HUYEN": "Huyện Đức Linh"
    },
    {
        "MATINH": "60",
        "TINH": "Tỉnh Bình Thuận",
        "MAHUYEN": "601",
        "HUYEN": "Huyện Hàm Tân"
    },
    {
        "MATINH": "60",
        "TINH": "Tỉnh Bình Thuận",
        "MAHUYEN": "597",
        "HUYEN": "Huyện Hàm Thuận Bắc"
    },
    {
        "MATINH": "60",
        "TINH": "Tỉnh Bình Thuận",
        "MAHUYEN": "598",
        "HUYEN": "Huyện Hàm Thuận Nam"
    },
    {
        "MATINH": "60",
        "TINH": "Tỉnh Bình Thuận",
        "MAHUYEN": "602",
        "HUYEN": "Huyện Phú Quí"
    },
    {
        "MATINH": "60",
        "TINH": "Tỉnh Bình Thuận",
        "MAHUYEN": "599",
        "HUYEN": "Huyện Tánh Linh"
    },
    {
        "MATINH": "60",
        "TINH": "Tỉnh Bình Thuận",
        "MAHUYEN": "595",
        "HUYEN": "Huyện Tuy Phong"
    },
    {
        "MATINH": "60",
        "TINH": "Tỉnh Bình Thuận",
        "MAHUYEN": "593",
        "HUYEN": "Thành phố Phan Thiết"
    },
    {
        "MATINH": "60",
        "TINH": "Tỉnh Bình Thuận",
        "MAHUYEN": "594",
        "HUYEN": "Thị xã La Gi"
    },
    {
        "MATINH": "96",
        "TINH": "Tỉnh Cà Mau",
        "MAHUYEN": "969",
        "HUYEN": "Huyện Cái Nước"
    },
    {
        "MATINH": "96",
        "TINH": "Tỉnh Cà Mau",
        "MAHUYEN": "970",
        "HUYEN": "Huyện Đầm Dơi"
    },
    {
        "MATINH": "96",
        "TINH": "Tỉnh Cà Mau",
        "MAHUYEN": "971",
        "HUYEN": "Huyện Năm Căn"
    },
    {
        "MATINH": "96",
        "TINH": "Tỉnh Cà Mau",
        "MAHUYEN": "973",
        "HUYEN": "Huyện Ngọc Hiển"
    },
    {
        "MATINH": "96",
        "TINH": "Tỉnh Cà Mau",
        "MAHUYEN": "972",
        "HUYEN": "Huyện Phú Tân"
    },
    {
        "MATINH": "96",
        "TINH": "Tỉnh Cà Mau",
        "MAHUYEN": "967",
        "HUYEN": "Huyện Thới Bình"
    },
    {
        "MATINH": "96",
        "TINH": "Tỉnh Cà Mau",
        "MAHUYEN": "968",
        "HUYEN": "Huyện Trần Văn Thời"
    },
    {
        "MATINH": "96",
        "TINH": "Tỉnh Cà Mau",
        "MAHUYEN": "966",
        "HUYEN": "Huyện U Minh"
    },
    {
        "MATINH": "96",
        "TINH": "Tỉnh Cà Mau",
        "MAHUYEN": "964",
        "HUYEN": "Thành phố Cà Mau"
    },
    {
        "MATINH": "4",
        "TINH": "Tỉnh Cao Bằng",
        "MAHUYEN": "43",
        "HUYEN": "Huyện Bảo Lạc"
    },
    {
        "MATINH": "4",
        "TINH": "Tỉnh Cao Bằng",
        "MAHUYEN": "42",
        "HUYEN": "Huyện Bảo Lâm"
    },
    {
        "MATINH": "4",
        "TINH": "Tỉnh Cao Bằng",
        "MAHUYEN": "48",
        "HUYEN": "Huyện Hạ Lang"
    },
    {
        "MATINH": "4",
        "TINH": "Tỉnh Cao Bằng",
        "MAHUYEN": "45",
        "HUYEN": "Huyện Hà Quảng"
    },
    {
        "MATINH": "4",
        "TINH": "Tỉnh Cao Bằng",
        "MAHUYEN": "51",
        "HUYEN": "Huyện Hoà An"
    },
    {
        "MATINH": "4",
        "TINH": "Tỉnh Cao Bằng",
        "MAHUYEN": "52",
        "HUYEN": "Huyện Nguyên Bình"
    },
    {
        "MATINH": "4",
        "TINH": "Tỉnh Cao Bằng",
        "MAHUYEN": "50",
        "HUYEN": "Huyện Phục Hoà"
    },
    {
        "MATINH": "4",
        "TINH": "Tỉnh Cao Bằng",
        "MAHUYEN": "49",
        "HUYEN": "Huyện Quảng Uyên"
    },
    {
        "MATINH": "4",
        "TINH": "Tỉnh Cao Bằng",
        "MAHUYEN": "53",
        "HUYEN": "Huyện Thạch An"
    },
    {
        "MATINH": "4",
        "TINH": "Tỉnh Cao Bằng",
        "MAHUYEN": "44",
        "HUYEN": "Huyện Thông Nông"
    },
    {
        "MATINH": "4",
        "TINH": "Tỉnh Cao Bằng",
        "MAHUYEN": "46",
        "HUYEN": "Huyện Trà Lĩnh"
    },
    {
        "MATINH": "4",
        "TINH": "Tỉnh Cao Bằng",
        "MAHUYEN": "47",
        "HUYEN": "Huyện Trùng Khánh"
    },
    {
        "MATINH": "4",
        "TINH": "Tỉnh Cao Bằng",
        "MAHUYEN": "40",
        "HUYEN": "Thành phố Cao Bằng"
    },
    {
        "MATINH": "66",
        "TINH": "Tỉnh Đắk Lắk",
        "MAHUYEN": "647",
        "HUYEN": "Huyện Buôn Đôn"
    },
    {
        "MATINH": "66",
        "TINH": "Tỉnh Đắk Lắk",
        "MAHUYEN": "657",
        "HUYEN": "Huyện Cư Kuin"
    },
    {
        "MATINH": "66",
        "TINH": "Tỉnh Đắk Lắk",
        "MAHUYEN": "648",
        "HUYEN": "Huyện Cư M'gar"
    },
    {
        "MATINH": "66",
        "TINH": "Tỉnh Đắk Lắk",
        "MAHUYEN": "645",
        "HUYEN": "Huyện Ea H'leo"
    },
    {
        "MATINH": "66",
        "TINH": "Tỉnh Đắk Lắk",
        "MAHUYEN": "651",
        "HUYEN": "Huyện Ea Kar"
    },
    {
        "MATINH": "66",
        "TINH": "Tỉnh Đắk Lắk",
        "MAHUYEN": "646",
        "HUYEN": "Huyện Ea Súp"
    },
    {
        "MATINH": "66",
        "TINH": "Tỉnh Đắk Lắk",
        "MAHUYEN": "655",
        "HUYEN": "Huyện Krông A Na"
    },
    {
        "MATINH": "66",
        "TINH": "Tỉnh Đắk Lắk",
        "MAHUYEN": "653",
        "HUYEN": "Huyện Krông Bông"
    },
    {
        "MATINH": "66",
        "TINH": "Tỉnh Đắk Lắk",
        "MAHUYEN": "649",
        "HUYEN": "Huyện Krông Búk"
    },
    {
        "MATINH": "66",
        "TINH": "Tỉnh Đắk Lắk",
        "MAHUYEN": "650",
        "HUYEN": "Huyện Krông Năng"
    },
    {
        "MATINH": "66",
        "TINH": "Tỉnh Đắk Lắk",
        "MAHUYEN": "654",
        "HUYEN": "Huyện Krông Pắc"
    },
    {
        "MATINH": "66",
        "TINH": "Tỉnh Đắk Lắk",
        "MAHUYEN": "656",
        "HUYEN": "Huyện Lắk"
    },
    {
        "MATINH": "66",
        "TINH": "Tỉnh Đắk Lắk",
        "MAHUYEN": "652",
        "HUYEN": "Huyện M'Đrắk"
    },
    {
        "MATINH": "66",
        "TINH": "Tỉnh Đắk Lắk",
        "MAHUYEN": "643",
        "HUYEN": "Thành phố Buôn Ma Thuột"
    },
    {
        "MATINH": "66",
        "TINH": "Tỉnh Đắk Lắk",
        "MAHUYEN": "644",
        "HUYEN": "Thị Xã Buôn Hồ"
    },
    {
        "MATINH": "67",
        "TINH": "Tỉnh Đắk Nông",
        "MAHUYEN": "662",
        "HUYEN": "Huyện Cư Jút"
    },
    {
        "MATINH": "67",
        "TINH": "Tỉnh Đắk Nông",
        "MAHUYEN": "661",
        "HUYEN": "Huyện Đăk Glong"
    },
    {
        "MATINH": "67",
        "TINH": "Tỉnh Đắk Nông",
        "MAHUYEN": "663",
        "HUYEN": "Huyện Đắk Mil"
    },
    {
        "MATINH": "67",
        "TINH": "Tỉnh Đắk Nông",
        "MAHUYEN": "666",
        "HUYEN": "Huyện Đắk R'Lấp"
    },
    {
        "MATINH": "67",
        "TINH": "Tỉnh Đắk Nông",
        "MAHUYEN": "665",
        "HUYEN": "Huyện Đắk Song"
    },
    {
        "MATINH": "67",
        "TINH": "Tỉnh Đắk Nông",
        "MAHUYEN": "664",
        "HUYEN": "Huyện Krông Nô"
    },
    {
        "MATINH": "67",
        "TINH": "Tỉnh Đắk Nông",
        "MAHUYEN": "667",
        "HUYEN": "Huyện Tuy Đức"
    },
    {
        "MATINH": "67",
        "TINH": "Tỉnh Đắk Nông",
        "MAHUYEN": "660",
        "HUYEN": "Thị xã Gia Nghĩa"
    },
    {
        "MATINH": "11",
        "TINH": "Tỉnh Điện Biên",
        "MAHUYEN": "100",
        "HUYEN": "Huyện Điện Biên"
    },
    {
        "MATINH": "11",
        "TINH": "Tỉnh Điện Biên",
        "MAHUYEN": "101",
        "HUYEN": "Huyện Điện Biên Đông"
    },
    {
        "MATINH": "11",
        "TINH": "Tỉnh Điện Biên",
        "MAHUYEN": "102",
        "HUYEN": "Huyện Mường ảng"
    },
    {
        "MATINH": "11",
        "TINH": "Tỉnh Điện Biên",
        "MAHUYEN": "97",
        "HUYEN": "Huyện Mường Chà"
    },
    {
        "MATINH": "11",
        "TINH": "Tỉnh Điện Biên",
        "MAHUYEN": "96",
        "HUYEN": "Huyện Mường Nhé"
    },
    {
        "MATINH": "11",
        "TINH": "Tỉnh Điện Biên",
        "MAHUYEN": "103",
        "HUYEN": "Huyện Nậm Pồ"
    },
    {
        "MATINH": "11",
        "TINH": "Tỉnh Điện Biên",
        "MAHUYEN": "98",
        "HUYEN": "Huyện Tủa Chùa"
    },
    {
        "MATINH": "11",
        "TINH": "Tỉnh Điện Biên",
        "MAHUYEN": "99",
        "HUYEN": "Huyện Tuần Giáo"
    },
    {
        "MATINH": "11",
        "TINH": "Tỉnh Điện Biên",
        "MAHUYEN": "94",
        "HUYEN": "Thành phố Điện Biên Phủ"
    },
    {
        "MATINH": "11",
        "TINH": "Tỉnh Điện Biên",
        "MAHUYEN": "95",
        "HUYEN": "Thị Xã Mường Lay"
    },
    {
        "MATINH": "75",
        "TINH": "Tỉnh Đồng Nai",
        "MAHUYEN": "739",
        "HUYEN": "Huyện Cẩm Mỹ"
    },
    {
        "MATINH": "75",
        "TINH": "Tỉnh Đồng Nai",
        "MAHUYEN": "736",
        "HUYEN": "Huyện Định Quán"
    },
    {
        "MATINH": "75",
        "TINH": "Tỉnh Đồng Nai",
        "MAHUYEN": "740",
        "HUYEN": "Huyện Long Thành"
    },
    {
        "MATINH": "75",
        "TINH": "Tỉnh Đồng Nai",
        "MAHUYEN": "742",
        "HUYEN": "Huyện Nhơn Trạch"
    },
    {
        "MATINH": "75",
        "TINH": "Tỉnh Đồng Nai",
        "MAHUYEN": "734",
        "HUYEN": "Huyện Tân Phú"
    },
    {
        "MATINH": "75",
        "TINH": "Tỉnh Đồng Nai",
        "MAHUYEN": "738",
        "HUYEN": "Huyện Thống Nhất"
    },
    {
        "MATINH": "75",
        "TINH": "Tỉnh Đồng Nai",
        "MAHUYEN": "737",
        "HUYEN": "Huyện Trảng Bom"
    },
    {
        "MATINH": "75",
        "TINH": "Tỉnh Đồng Nai",
        "MAHUYEN": "735",
        "HUYEN": "Huyện Vĩnh Cửu"
    },
    {
        "MATINH": "75",
        "TINH": "Tỉnh Đồng Nai",
        "MAHUYEN": "741",
        "HUYEN": "Huyện Xuân Lộc"
    },
    {
        "MATINH": "75",
        "TINH": "Tỉnh Đồng Nai",
        "MAHUYEN": "731",
        "HUYEN": "Thành phố Biên Hòa"
    },
    {
        "MATINH": "75",
        "TINH": "Tỉnh Đồng Nai",
        "MAHUYEN": "732",
        "HUYEN": "Thị xã Long Khánh"
    },
    {
        "MATINH": "87",
        "TINH": "Tỉnh Đồng Tháp",
        "MAHUYEN": "873",
        "HUYEN": "Huyện Cao Lãnh"
    },
    {
        "MATINH": "87",
        "TINH": "Tỉnh Đồng Tháp",
        "MAHUYEN": "877",
        "HUYEN": "Huyện Châu Thành"
    },
    {
        "MATINH": "87",
        "TINH": "Tỉnh Đồng Tháp",
        "MAHUYEN": "870",
        "HUYEN": "Huyện Hồng Ngự"
    },
    {
        "MATINH": "87",
        "TINH": "Tỉnh Đồng Tháp",
        "MAHUYEN": "876",
        "HUYEN": "Huyện Lai Vung"
    },
    {
        "MATINH": "87",
        "TINH": "Tỉnh Đồng Tháp",
        "MAHUYEN": "875",
        "HUYEN": "Huyện Lấp Vò"
    },
    {
        "MATINH": "87",
        "TINH": "Tỉnh Đồng Tháp",
        "MAHUYEN": "871",
        "HUYEN": "Huyện Tam Nông"
    },
    {
        "MATINH": "87",
        "TINH": "Tỉnh Đồng Tháp",
        "MAHUYEN": "869",
        "HUYEN": "Huyện Tân Hồng"
    },
    {
        "MATINH": "87",
        "TINH": "Tỉnh Đồng Tháp",
        "MAHUYEN": "874",
        "HUYEN": "Huyện Thanh Bình"
    },
    {
        "MATINH": "87",
        "TINH": "Tỉnh Đồng Tháp",
        "MAHUYEN": "872",
        "HUYEN": "Huyện Tháp Mười"
    },
    {
        "MATINH": "87",
        "TINH": "Tỉnh Đồng Tháp",
        "MAHUYEN": "866",
        "HUYEN": "Thành phố Cao Lãnh"
    },
    {
        "MATINH": "87",
        "TINH": "Tỉnh Đồng Tháp",
        "MAHUYEN": "867",
        "HUYEN": "Thành phố Sa Đéc"
    },
    {
        "MATINH": "87",
        "TINH": "Tỉnh Đồng Tháp",
        "MAHUYEN": "868",
        "HUYEN": "Thị xã Hồng Ngự"
    },
    {
        "MATINH": "64",
        "TINH": "Tỉnh Gia Lai",
        "MAHUYEN": "627",
        "HUYEN": "Huyện Chư Păh"
    },
    {
        "MATINH": "64",
        "TINH": "Tỉnh Gia Lai",
        "MAHUYEN": "632",
        "HUYEN": "Huyện Chư Prông"
    },
    {
        "MATINH": "64",
        "TINH": "Tỉnh Gia Lai",
        "MAHUYEN": "639",
        "HUYEN": "Huyện Chư Pưh"
    },
    {
        "MATINH": "64",
        "TINH": "Tỉnh Gia Lai",
        "MAHUYEN": "633",
        "HUYEN": "Huyện Chư Sê"
    },
    {
        "MATINH": "64",
        "TINH": "Tỉnh Gia Lai",
        "MAHUYEN": "626",
        "HUYEN": "Huyện Đăk Đoa"
    },
    {
        "MATINH": "64",
        "TINH": "Tỉnh Gia Lai",
        "MAHUYEN": "634",
        "HUYEN": "Huyện Đăk Pơ"
    },
    {
        "MATINH": "64",
        "TINH": "Tỉnh Gia Lai",
        "MAHUYEN": "631",
        "HUYEN": "Huyện Đức Cơ"
    },
    {
        "MATINH": "64",
        "TINH": "Tỉnh Gia Lai",
        "MAHUYEN": "628",
        "HUYEN": "Huyện Ia Grai"
    },
    {
        "MATINH": "64",
        "TINH": "Tỉnh Gia Lai",
        "MAHUYEN": "635",
        "HUYEN": "Huyện Ia Pa"
    },
    {
        "MATINH": "64",
        "TINH": "Tỉnh Gia Lai",
        "MAHUYEN": "625",
        "HUYEN": "Huyện KBang"
    },
    {
        "MATINH": "64",
        "TINH": "Tỉnh Gia Lai",
        "MAHUYEN": "630",
        "HUYEN": "Huyện Kông Chro"
    },
    {
        "MATINH": "64",
        "TINH": "Tỉnh Gia Lai",
        "MAHUYEN": "637",
        "HUYEN": "Huyện Krông Pa"
    },
    {
        "MATINH": "64",
        "TINH": "Tỉnh Gia Lai",
        "MAHUYEN": "629",
        "HUYEN": "Huyện Mang Yang"
    },
    {
        "MATINH": "64",
        "TINH": "Tỉnh Gia Lai",
        "MAHUYEN": "638",
        "HUYEN": "Huyện Phú Thiện"
    },
    {
        "MATINH": "64",
        "TINH": "Tỉnh Gia Lai",
        "MAHUYEN": "622",
        "HUYEN": "Thành phố Pleiku"
    },
    {
        "MATINH": "64",
        "TINH": "Tỉnh Gia Lai",
        "MAHUYEN": "623",
        "HUYEN": "Thị xã An Khê"
    },
    {
        "MATINH": "64",
        "TINH": "Tỉnh Gia Lai",
        "MAHUYEN": "624",
        "HUYEN": "Thị xã Ayun Pa"
    },
    {
        "MATINH": "2",
        "TINH": "Tỉnh Hà Giang",
        "MAHUYEN": "31",
        "HUYEN": "Huyện Bắc Mê"
    },
    {
        "MATINH": "2",
        "TINH": "Tỉnh Hà Giang",
        "MAHUYEN": "34",
        "HUYEN": "Huyện Bắc Quang"
    },
    {
        "MATINH": "2",
        "TINH": "Tỉnh Hà Giang",
        "MAHUYEN": "26",
        "HUYEN": "Huyện Đồng Văn"
    },
    {
        "MATINH": "2",
        "TINH": "Tỉnh Hà Giang",
        "MAHUYEN": "32",
        "HUYEN": "Huyện Hoàng Su Phì"
    },
    {
        "MATINH": "2",
        "TINH": "Tỉnh Hà Giang",
        "MAHUYEN": "27",
        "HUYEN": "Huyện Mèo Vạc"
    },
    {
        "MATINH": "2",
        "TINH": "Tỉnh Hà Giang",
        "MAHUYEN": "29",
        "HUYEN": "Huyện Quản Bạ"
    },
    {
        "MATINH": "2",
        "TINH": "Tỉnh Hà Giang",
        "MAHUYEN": "35",
        "HUYEN": "Huyện Quang Bình"
    },
    {
        "MATINH": "2",
        "TINH": "Tỉnh Hà Giang",
        "MAHUYEN": "30",
        "HUYEN": "Huyện Vị Xuyên"
    },
    {
        "MATINH": "2",
        "TINH": "Tỉnh Hà Giang",
        "MAHUYEN": "33",
        "HUYEN": "Huyện Xín Mần"
    },
    {
        "MATINH": "2",
        "TINH": "Tỉnh Hà Giang",
        "MAHUYEN": "28",
        "HUYEN": "Huyện Yên Minh"
    },
    {
        "MATINH": "2",
        "TINH": "Tỉnh Hà Giang",
        "MAHUYEN": "24",
        "HUYEN": "Thành phố Hà Giang"
    },
    {
        "MATINH": "35",
        "TINH": "Tỉnh Hà Nam",
        "MAHUYEN": "352",
        "HUYEN": "Huyện Bình Lục"
    },
    {
        "MATINH": "35",
        "TINH": "Tỉnh Hà Nam",
        "MAHUYEN": "349",
        "HUYEN": "Huyện Duy Tiên"
    },
    {
        "MATINH": "35",
        "TINH": "Tỉnh Hà Nam",
        "MAHUYEN": "350",
        "HUYEN": "Huyện Kim Bảng"
    },
    {
        "MATINH": "35",
        "TINH": "Tỉnh Hà Nam",
        "MAHUYEN": "353",
        "HUYEN": "Huyện Lý Nhân"
    },
    {
        "MATINH": "35",
        "TINH": "Tỉnh Hà Nam",
        "MAHUYEN": "351",
        "HUYEN": "Huyện Thanh Liêm"
    },
    {
        "MATINH": "35",
        "TINH": "Tỉnh Hà Nam",
        "MAHUYEN": "347",
        "HUYEN": "Thành phố Phủ Lý"
    },
    {
        "MATINH": "42",
        "TINH": "Tỉnh Hà Tĩnh",
        "MAHUYEN": "446",
        "HUYEN": "Huyện Cẩm Xuyên"
    },
    {
        "MATINH": "42",
        "TINH": "Tỉnh Hà Tĩnh",
        "MAHUYEN": "443",
        "HUYEN": "Huyện Can Lộc"
    },
    {
        "MATINH": "42",
        "TINH": "Tỉnh Hà Tĩnh",
        "MAHUYEN": "440",
        "HUYEN": "Huyện Đức Thọ"
    },
    {
        "MATINH": "42",
        "TINH": "Tỉnh Hà Tĩnh",
        "MAHUYEN": "444",
        "HUYEN": "Huyện Hương Khê"
    },
    {
        "MATINH": "42",
        "TINH": "Tỉnh Hà Tĩnh",
        "MAHUYEN": "439",
        "HUYEN": "Huyện Hương Sơn"
    },
    {
        "MATINH": "42",
        "TINH": "Tỉnh Hà Tĩnh",
        "MAHUYEN": "447",
        "HUYEN": "Huyện Kỳ Anh"
    },
    {
        "MATINH": "42",
        "TINH": "Tỉnh Hà Tĩnh",
        "MAHUYEN": "438",
        "HUYEN": "Huyện Lộc Hà"
    },
    {
        "MATINH": "42",
        "TINH": "Tỉnh Hà Tĩnh",
        "MAHUYEN": "442",
        "HUYEN": "Huyện Nghi Xuân"
    },
    {
        "MATINH": "42",
        "TINH": "Tỉnh Hà Tĩnh",
        "MAHUYEN": "445",
        "HUYEN": "Huyện Thạch Hà"
    },
    {
        "MATINH": "42",
        "TINH": "Tỉnh Hà Tĩnh",
        "MAHUYEN": "441",
        "HUYEN": "Huyện Vũ Quang"
    },
    {
        "MATINH": "42",
        "TINH": "Tỉnh Hà Tĩnh",
        "MAHUYEN": "436",
        "HUYEN": "Thành phố Hà Tĩnh"
    },
    {
        "MATINH": "42",
        "TINH": "Tỉnh Hà Tĩnh",
        "MAHUYEN": "437",
        "HUYEN": "Thị xã Hồng Lĩnh"
    },
    {
        "MATINH": "42",
        "TINH": "Tỉnh Hà Tĩnh",
        "MAHUYEN": "449",
        "HUYEN": "Thị xã Kỳ Anh"
    },
    {
        "MATINH": "30",
        "TINH": "Tỉnh Hải Dương",
        "MAHUYEN": "296",
        "HUYEN": "Huyện Bình Giang"
    },
    {
        "MATINH": "30",
        "TINH": "Tỉnh Hải Dương",
        "MAHUYEN": "295",
        "HUYEN": "Huyện Cẩm Giàng"
    },
    {
        "MATINH": "30",
        "TINH": "Tỉnh Hải Dương",
        "MAHUYEN": "297",
        "HUYEN": "Huyện Gia Lộc"
    },
    {
        "MATINH": "30",
        "TINH": "Tỉnh Hải Dương",
        "MAHUYEN": "293",
        "HUYEN": "Huyện Kim Thành"
    },
    {
        "MATINH": "30",
        "TINH": "Tỉnh Hải Dương",
        "MAHUYEN": "292",
        "HUYEN": "Huyện Kinh Môn"
    },
    {
        "MATINH": "30",
        "TINH": "Tỉnh Hải Dương",
        "MAHUYEN": "291",
        "HUYEN": "Huyện Nam Sách"
    },
    {
        "MATINH": "30",
        "TINH": "Tỉnh Hải Dương",
        "MAHUYEN": "299",
        "HUYEN": "Huyện Ninh Giang"
    },
    {
        "MATINH": "30",
        "TINH": "Tỉnh Hải Dương",
        "MAHUYEN": "294",
        "HUYEN": "Huyện Thanh Hà"
    },
    {
        "MATINH": "30",
        "TINH": "Tỉnh Hải Dương",
        "MAHUYEN": "300",
        "HUYEN": "Huyện Thanh Miện"
    },
    {
        "MATINH": "30",
        "TINH": "Tỉnh Hải Dương",
        "MAHUYEN": "298",
        "HUYEN": "Huyện Tứ Kỳ"
    },
    {
        "MATINH": "30",
        "TINH": "Tỉnh Hải Dương",
        "MAHUYEN": "288",
        "HUYEN": "Thành phố Hải Dương"
    },
    {
        "MATINH": "30",
        "TINH": "Tỉnh Hải Dương",
        "MAHUYEN": "290",
        "HUYEN": "Thị xã Chí Linh"
    },
    {
        "MATINH": "93",
        "TINH": "Tỉnh Hậu Giang",
        "MAHUYEN": "933",
        "HUYEN": "Huyện Châu Thành"
    },
    {
        "MATINH": "93",
        "TINH": "Tỉnh Hậu Giang",
        "MAHUYEN": "932",
        "HUYEN": "Huyện Châu Thành A"
    },
    {
        "MATINH": "93",
        "TINH": "Tỉnh Hậu Giang",
        "MAHUYEN": "936",
        "HUYEN": "Huyện Long Mỹ"
    },
    {
        "MATINH": "93",
        "TINH": "Tỉnh Hậu Giang",
        "MAHUYEN": "934",
        "HUYEN": "Huyện Phụng Hiệp"
    },
    {
        "MATINH": "93",
        "TINH": "Tỉnh Hậu Giang",
        "MAHUYEN": "935",
        "HUYEN": "Huyện Vị Thuỷ"
    },
    {
        "MATINH": "93",
        "TINH": "Tỉnh Hậu Giang",
        "MAHUYEN": "930",
        "HUYEN": "Thành phố Vị Thanh"
    },
    {
        "MATINH": "93",
        "TINH": "Tỉnh Hậu Giang",
        "MAHUYEN": "937",
        "HUYEN": "Thị xã Long Mỹ"
    },
    {
        "MATINH": "93",
        "TINH": "Tỉnh Hậu Giang",
        "MAHUYEN": "931",
        "HUYEN": "Thị xã Ngã Bảy"
    },
    {
        "MATINH": "17",
        "TINH": "Tỉnh Hoà Bình",
        "MAHUYEN": "154",
        "HUYEN": "Huyện Cao Phong"
    },
    {
        "MATINH": "17",
        "TINH": "Tỉnh Hoà Bình",
        "MAHUYEN": "150",
        "HUYEN": "Huyện Đà Bắc"
    },
    {
        "MATINH": "17",
        "TINH": "Tỉnh Hoà Bình",
        "MAHUYEN": "153",
        "HUYEN": "Huyện Kim Bôi"
    },
    {
        "MATINH": "17",
        "TINH": "Tỉnh Hoà Bình",
        "MAHUYEN": "151",
        "HUYEN": "Huyện Kỳ Sơn"
    },
    {
        "MATINH": "17",
        "TINH": "Tỉnh Hoà Bình",
        "MAHUYEN": "157",
        "HUYEN": "Huyện Lạc Sơn"
    },
    {
        "MATINH": "17",
        "TINH": "Tỉnh Hoà Bình",
        "MAHUYEN": "159",
        "HUYEN": "Huyện Lạc Thủy"
    },
    {
        "MATINH": "17",
        "TINH": "Tỉnh Hoà Bình",
        "MAHUYEN": "152",
        "HUYEN": "Huyện Lương Sơn"
    },
    {
        "MATINH": "17",
        "TINH": "Tỉnh Hoà Bình",
        "MAHUYEN": "156",
        "HUYEN": "Huyện Mai Châu"
    },
    {
        "MATINH": "17",
        "TINH": "Tỉnh Hoà Bình",
        "MAHUYEN": "155",
        "HUYEN": "Huyện Tân Lạc"
    },
    {
        "MATINH": "17",
        "TINH": "Tỉnh Hoà Bình",
        "MAHUYEN": "158",
        "HUYEN": "Huyện Yên Thủy"
    },
    {
        "MATINH": "17",
        "TINH": "Tỉnh Hoà Bình",
        "MAHUYEN": "148",
        "HUYEN": "Thành phố Hòa Bình"
    },
    {
        "MATINH": "33",
        "TINH": "Tỉnh Hưng Yên",
        "MAHUYEN": "329",
        "HUYEN": "Huyện Ân Thi"
    },
    {
        "MATINH": "33",
        "TINH": "Tỉnh Hưng Yên",
        "MAHUYEN": "330",
        "HUYEN": "Huyện Khoái Châu"
    },
    {
        "MATINH": "33",
        "TINH": "Tỉnh Hưng Yên",
        "MAHUYEN": "331",
        "HUYEN": "Huyện Kim Động"
    },
    {
        "MATINH": "33",
        "TINH": "Tỉnh Hưng Yên",
        "MAHUYEN": "328",
        "HUYEN": "Huyện Mỹ Hào"
    },
    {
        "MATINH": "33",
        "TINH": "Tỉnh Hưng Yên",
        "MAHUYEN": "333",
        "HUYEN": "Huyện Phù Cừ"
    },
    {
        "MATINH": "33",
        "TINH": "Tỉnh Hưng Yên",
        "MAHUYEN": "332",
        "HUYEN": "Huyện Tiên Lữ"
    },
    {
        "MATINH": "33",
        "TINH": "Tỉnh Hưng Yên",
        "MAHUYEN": "326",
        "HUYEN": "Huyện Văn Giang"
    },
    {
        "MATINH": "33",
        "TINH": "Tỉnh Hưng Yên",
        "MAHUYEN": "325",
        "HUYEN": "Huyện Văn Lâm"
    },
    {
        "MATINH": "33",
        "TINH": "Tỉnh Hưng Yên",
        "MAHUYEN": "327",
        "HUYEN": "Huyện Yên Mỹ"
    },
    {
        "MATINH": "33",
        "TINH": "Tỉnh Hưng Yên",
        "MAHUYEN": "323",
        "HUYEN": "Thành phố Hưng Yên"
    },
    {
        "MATINH": "56",
        "TINH": "Tỉnh Khánh Hòa",
        "MAHUYEN": "570",
        "HUYEN": "Huyện Cam Lâm"
    },
    {
        "MATINH": "56",
        "TINH": "Tỉnh Khánh Hòa",
        "MAHUYEN": "574",
        "HUYEN": "Huyện Diên Khánh"
    },
    {
        "MATINH": "56",
        "TINH": "Tỉnh Khánh Hòa",
        "MAHUYEN": "575",
        "HUYEN": "Huyện Khánh Sơn"
    },
    {
        "MATINH": "56",
        "TINH": "Tỉnh Khánh Hòa",
        "MAHUYEN": "573",
        "HUYEN": "Huyện Khánh Vĩnh"
    },
    {
        "MATINH": "56",
        "TINH": "Tỉnh Khánh Hòa",
        "MAHUYEN": "576",
        "HUYEN": "Huyện Trường Sa"
    },
    {
        "MATINH": "56",
        "TINH": "Tỉnh Khánh Hòa",
        "MAHUYEN": "571",
        "HUYEN": "Huyện Vạn Ninh"
    },
    {
        "MATINH": "56",
        "TINH": "Tỉnh Khánh Hòa",
        "MAHUYEN": "569",
        "HUYEN": "Thành phố Cam Ranh"
    },
    {
        "MATINH": "56",
        "TINH": "Tỉnh Khánh Hòa",
        "MAHUYEN": "568",
        "HUYEN": "Thành phố Nha Trang"
    },
    {
        "MATINH": "56",
        "TINH": "Tỉnh Khánh Hòa",
        "MAHUYEN": "572",
        "HUYEN": "Thị xã Ninh Hòa"
    },
    {
        "MATINH": "91",
        "TINH": "Tỉnh Kiên Giang",
        "MAHUYEN": "908",
        "HUYEN": "Huyện An Biên"
    },
    {
        "MATINH": "91",
        "TINH": "Tỉnh Kiên Giang",
        "MAHUYEN": "909",
        "HUYEN": "Huyện An Minh"
    },
    {
        "MATINH": "91",
        "TINH": "Tỉnh Kiên Giang",
        "MAHUYEN": "905",
        "HUYEN": "Huyện Châu Thành"
    },
    {
        "MATINH": "91",
        "TINH": "Tỉnh Kiên Giang",
        "MAHUYEN": "914",
        "HUYEN": "Huyện Giang Thành"
    },
    {
        "MATINH": "91",
        "TINH": "Tỉnh Kiên Giang",
        "MAHUYEN": "906",
        "HUYEN": "Huyện Giồng Riềng"
    },
    {
        "MATINH": "91",
        "TINH": "Tỉnh Kiên Giang",
        "MAHUYEN": "907",
        "HUYEN": "Huyện Gò Quao"
    },
    {
        "MATINH": "91",
        "TINH": "Tỉnh Kiên Giang",
        "MAHUYEN": "903",
        "HUYEN": "Huyện Hòn Đất"
    },
    {
        "MATINH": "91",
        "TINH": "Tỉnh Kiên Giang",
        "MAHUYEN": "912",
        "HUYEN": "Huyện Kiên Hải"
    },
    {
        "MATINH": "91",
        "TINH": "Tỉnh Kiên Giang",
        "MAHUYEN": "902",
        "HUYEN": "Huyện Kiên Lương"
    },
    {
        "MATINH": "91",
        "TINH": "Tỉnh Kiên Giang",
        "MAHUYEN": "911",
        "HUYEN": "Huyện Phú Quốc"
    },
    {
        "MATINH": "91",
        "TINH": "Tỉnh Kiên Giang",
        "MAHUYEN": "904",
        "HUYEN": "Huyện Tân Hiệp"
    },
    {
        "MATINH": "91",
        "TINH": "Tỉnh Kiên Giang",
        "MAHUYEN": "913",
        "HUYEN": "Huyện U Minh Thượng"
    },
    {
        "MATINH": "91",
        "TINH": "Tỉnh Kiên Giang",
        "MAHUYEN": "910",
        "HUYEN": "Huyện Vĩnh Thuận"
    },
    {
        "MATINH": "91",
        "TINH": "Tỉnh Kiên Giang",
        "MAHUYEN": "899",
        "HUYEN": "Thành phố Rạch Giá"
    },
    {
        "MATINH": "91",
        "TINH": "Tỉnh Kiên Giang",
        "MAHUYEN": "900",
        "HUYEN": "Thị xã Hà Tiên"
    },
    {
        "MATINH": "62",
        "TINH": "Tỉnh Kon Tum",
        "MAHUYEN": "610",
        "HUYEN": "Huyện Đắk Glei"
    },
    {
        "MATINH": "62",
        "TINH": "Tỉnh Kon Tum",
        "MAHUYEN": "615",
        "HUYEN": "Huyện Đắk Hà"
    },
    {
        "MATINH": "62",
        "TINH": "Tỉnh Kon Tum",
        "MAHUYEN": "612",
        "HUYEN": "Huyện Đắk Tô"
    },
    {
        "MATINH": "62",
        "TINH": "Tỉnh Kon Tum",
        "MAHUYEN": "618",
        "HUYEN": "Huyện Ia H' Drai"
    },
    {
        "MATINH": "62",
        "TINH": "Tỉnh Kon Tum",
        "MAHUYEN": "613",
        "HUYEN": "Huyện Kon Plông"
    },
    {
        "MATINH": "62",
        "TINH": "Tỉnh Kon Tum",
        "MAHUYEN": "614",
        "HUYEN": "Huyện Kon Rẫy"
    },
    {
        "MATINH": "62",
        "TINH": "Tỉnh Kon Tum",
        "MAHUYEN": "611",
        "HUYEN": "Huyện Ngọc Hồi"
    },
    {
        "MATINH": "62",
        "TINH": "Tỉnh Kon Tum",
        "MAHUYEN": "616",
        "HUYEN": "Huyện Sa Thầy"
    },
    {
        "MATINH": "62",
        "TINH": "Tỉnh Kon Tum",
        "MAHUYEN": "617",
        "HUYEN": "Huyện Tu Mơ Rông"
    },
    {
        "MATINH": "62",
        "TINH": "Tỉnh Kon Tum",
        "MAHUYEN": "608",
        "HUYEN": "Thành phố Kon Tum"
    },
    {
        "MATINH": "12",
        "TINH": "Tỉnh Lai Châu",
        "MAHUYEN": "107",
        "HUYEN": "Huyện Mường Tè"
    },
    {
        "MATINH": "12",
        "TINH": "Tỉnh Lai Châu",
        "MAHUYEN": "112",
        "HUYEN": "Huyện Nậm Nhùn"
    },
    {
        "MATINH": "12",
        "TINH": "Tỉnh Lai Châu",
        "MAHUYEN": "109",
        "HUYEN": "Huyện Phong Thổ"
    },
    {
        "MATINH": "12",
        "TINH": "Tỉnh Lai Châu",
        "MAHUYEN": "108",
        "HUYEN": "Huyện Sìn Hồ"
    },
    {
        "MATINH": "12",
        "TINH": "Tỉnh Lai Châu",
        "MAHUYEN": "106",
        "HUYEN": "Huyện Tam Đường"
    },
    {
        "MATINH": "12",
        "TINH": "Tỉnh Lai Châu",
        "MAHUYEN": "111",
        "HUYEN": "Huyện Tân Uyên"
    },
    {
        "MATINH": "12",
        "TINH": "Tỉnh Lai Châu",
        "MAHUYEN": "110",
        "HUYEN": "Huyện Than Uyên"
    },
    {
        "MATINH": "12",
        "TINH": "Tỉnh Lai Châu",
        "MAHUYEN": "105",
        "HUYEN": "Thành phố Lai Châu"
    },
    {
        "MATINH": "68",
        "TINH": "Tỉnh Lâm Đồng",
        "MAHUYEN": "680",
        "HUYEN": "Huyện Bảo Lâm"
    },
    {
        "MATINH": "68",
        "TINH": "Tỉnh Lâm Đồng",
        "MAHUYEN": "683",
        "HUYEN": "Huyện Cát Tiên"
    },
    {
        "MATINH": "68",
        "TINH": "Tỉnh Lâm Đồng",
        "MAHUYEN": "681",
        "HUYEN": "Huyện Đạ Huoai"
    },
    {
        "MATINH": "68",
        "TINH": "Tỉnh Lâm Đồng",
        "MAHUYEN": "682",
        "HUYEN": "Huyện Đạ Tẻh"
    },
    {
        "MATINH": "68",
        "TINH": "Tỉnh Lâm Đồng",
        "MAHUYEN": "674",
        "HUYEN": "Huyện Đam Rông"
    },
    {
        "MATINH": "68",
        "TINH": "Tỉnh Lâm Đồng",
        "MAHUYEN": "679",
        "HUYEN": "Huyện Di Linh"
    },
    {
        "MATINH": "68",
        "TINH": "Tỉnh Lâm Đồng",
        "MAHUYEN": "677",
        "HUYEN": "Huyện Đơn Dương"
    },
    {
        "MATINH": "68",
        "TINH": "Tỉnh Lâm Đồng",
        "MAHUYEN": "678",
        "HUYEN": "Huyện Đức Trọng"
    },
    {
        "MATINH": "68",
        "TINH": "Tỉnh Lâm Đồng",
        "MAHUYEN": "675",
        "HUYEN": "Huyện Lạc Dương"
    },
    {
        "MATINH": "68",
        "TINH": "Tỉnh Lâm Đồng",
        "MAHUYEN": "676",
        "HUYEN": "Huyện Lâm Hà"
    },
    {
        "MATINH": "68",
        "TINH": "Tỉnh Lâm Đồng",
        "MAHUYEN": "673",
        "HUYEN": "Thành phố Bảo Lộc"
    },
    {
        "MATINH": "68",
        "TINH": "Tỉnh Lâm Đồng",
        "MAHUYEN": "672",
        "HUYEN": "Thành phố Đà Lạt"
    },
    {
        "MATINH": "20",
        "TINH": "Tỉnh Lạng Sơn",
        "MAHUYEN": "185",
        "HUYEN": "Huyện Bắc Sơn"
    },
    {
        "MATINH": "20",
        "TINH": "Tỉnh Lạng Sơn",
        "MAHUYEN": "181",
        "HUYEN": "Huyện Bình Gia"
    },
    {
        "MATINH": "20",
        "TINH": "Tỉnh Lạng Sơn",
        "MAHUYEN": "183",
        "HUYEN": "Huyện Cao Lộc"
    },
    {
        "MATINH": "20",
        "TINH": "Tỉnh Lạng Sơn",
        "MAHUYEN": "187",
        "HUYEN": "Huyện Chi Lăng"
    },
    {
        "MATINH": "20",
        "TINH": "Tỉnh Lạng Sơn",
        "MAHUYEN": "189",
        "HUYEN": "Huyện Đình Lập"
    },
    {
        "MATINH": "20",
        "TINH": "Tỉnh Lạng Sơn",
        "MAHUYEN": "186",
        "HUYEN": "Huyện Hữu Lũng"
    },
    {
        "MATINH": "20",
        "TINH": "Tỉnh Lạng Sơn",
        "MAHUYEN": "188",
        "HUYEN": "Huyện Lộc Bình"
    },
    {
        "MATINH": "20",
        "TINH": "Tỉnh Lạng Sơn",
        "MAHUYEN": "180",
        "HUYEN": "Huyện Tràng Định"
    },
    {
        "MATINH": "20",
        "TINH": "Tỉnh Lạng Sơn",
        "MAHUYEN": "182",
        "HUYEN": "Huyện Văn Lãng"
    },
    {
        "MATINH": "20",
        "TINH": "Tỉnh Lạng Sơn",
        "MAHUYEN": "184",
        "HUYEN": "Huyện Văn Quan"
    },
    {
        "MATINH": "20",
        "TINH": "Tỉnh Lạng Sơn",
        "MAHUYEN": "178",
        "HUYEN": "Thành phố Lạng Sơn"
    },
    {
        "MATINH": "10",
        "TINH": "Tỉnh Lào Cai",
        "MAHUYEN": "85",
        "HUYEN": "Huyện Bắc Hà"
    },
    {
        "MATINH": "10",
        "TINH": "Tỉnh Lào Cai",
        "MAHUYEN": "86",
        "HUYEN": "Huyện Bảo Thắng"
    },
    {
        "MATINH": "10",
        "TINH": "Tỉnh Lào Cai",
        "MAHUYEN": "87",
        "HUYEN": "Huyện Bảo Yên"
    },
    {
        "MATINH": "10",
        "TINH": "Tỉnh Lào Cai",
        "MAHUYEN": "82",
        "HUYEN": "Huyện Bát Xát"
    },
    {
        "MATINH": "10",
        "TINH": "Tỉnh Lào Cai",
        "MAHUYEN": "83",
        "HUYEN": "Huyện Mường Khương"
    },
    {
        "MATINH": "10",
        "TINH": "Tỉnh Lào Cai",
        "MAHUYEN": "88",
        "HUYEN": "Huyện Sa Pa"
    },
    {
        "MATINH": "10",
        "TINH": "Tỉnh Lào Cai",
        "MAHUYEN": "84",
        "HUYEN": "Huyện Si Ma Cai"
    },
    {
        "MATINH": "10",
        "TINH": "Tỉnh Lào Cai",
        "MAHUYEN": "89",
        "HUYEN": "Huyện Văn Bàn"
    },
    {
        "MATINH": "10",
        "TINH": "Tỉnh Lào Cai",
        "MAHUYEN": "80",
        "HUYEN": "Thành phố Lào Cai"
    },
    {
        "MATINH": "80",
        "TINH": "Tỉnh Long An",
        "MAHUYEN": "803",
        "HUYEN": "Huyện Bến Lức"
    },
    {
        "MATINH": "80",
        "TINH": "Tỉnh Long An",
        "MAHUYEN": "806",
        "HUYEN": "Huyện Cần Đước"
    },
    {
        "MATINH": "80",
        "TINH": "Tỉnh Long An",
        "MAHUYEN": "807",
        "HUYEN": "Huyện Cần Giuộc"
    },
    {
        "MATINH": "80",
        "TINH": "Tỉnh Long An",
        "MAHUYEN": "808",
        "HUYEN": "Huyện Châu Thành"
    },
    {
        "MATINH": "80",
        "TINH": "Tỉnh Long An",
        "MAHUYEN": "802",
        "HUYEN": "Huyện Đức Hòa"
    },
    {
        "MATINH": "80",
        "TINH": "Tỉnh Long An",
        "MAHUYEN": "801",
        "HUYEN": "Huyện Đức Huệ"
    },
    {
        "MATINH": "80",
        "TINH": "Tỉnh Long An",
        "MAHUYEN": "798",
        "HUYEN": "Huyện Mộc Hóa"
    },
    {
        "MATINH": "80",
        "TINH": "Tỉnh Long An",
        "MAHUYEN": "796",
        "HUYEN": "Huyện Tân Hưng"
    },
    {
        "MATINH": "80",
        "TINH": "Tỉnh Long An",
        "MAHUYEN": "799",
        "HUYEN": "Huyện Tân Thạnh"
    },
    {
        "MATINH": "80",
        "TINH": "Tỉnh Long An",
        "MAHUYEN": "805",
        "HUYEN": "Huyện Tân Trụ"
    },
    {
        "MATINH": "80",
        "TINH": "Tỉnh Long An",
        "MAHUYEN": "800",
        "HUYEN": "Huyện Thạnh Hóa"
    },
    {
        "MATINH": "80",
        "TINH": "Tỉnh Long An",
        "MAHUYEN": "804",
        "HUYEN": "Huyện Thủ Thừa"
    },
    {
        "MATINH": "80",
        "TINH": "Tỉnh Long An",
        "MAHUYEN": "797",
        "HUYEN": "Huyện Vĩnh Hưng"
    },
    {
        "MATINH": "80",
        "TINH": "Tỉnh Long An",
        "MAHUYEN": "794",
        "HUYEN": "Thành phố Tân An"
    },
    {
        "MATINH": "80",
        "TINH": "Tỉnh Long An",
        "MAHUYEN": "795",
        "HUYEN": "Thị xã Kiến Tường"
    },
    {
        "MATINH": "36",
        "TINH": "Tỉnh Nam Định",
        "MAHUYEN": "365",
        "HUYEN": "Huyện Giao Thủy"
    },
    {
        "MATINH": "36",
        "TINH": "Tỉnh Nam Định",
        "MAHUYEN": "366",
        "HUYEN": "Huyện Hải Hậu"
    },
    {
        "MATINH": "36",
        "TINH": "Tỉnh Nam Định",
        "MAHUYEN": "358",
        "HUYEN": "Huyện Mỹ Lộc"
    },
    {
        "MATINH": "36",
        "TINH": "Tỉnh Nam Định",
        "MAHUYEN": "362",
        "HUYEN": "Huyện Nam Trực"
    },
    {
        "MATINH": "36",
        "TINH": "Tỉnh Nam Định",
        "MAHUYEN": "361",
        "HUYEN": "Huyện Nghĩa Hưng"
    },
    {
        "MATINH": "36",
        "TINH": "Tỉnh Nam Định",
        "MAHUYEN": "363",
        "HUYEN": "Huyện Trực Ninh"
    },
    {
        "MATINH": "36",
        "TINH": "Tỉnh Nam Định",
        "MAHUYEN": "359",
        "HUYEN": "Huyện Vụ Bản"
    },
    {
        "MATINH": "36",
        "TINH": "Tỉnh Nam Định",
        "MAHUYEN": "364",
        "HUYEN": "Huyện Xuân Trường"
    },
    {
        "MATINH": "36",
        "TINH": "Tỉnh Nam Định",
        "MAHUYEN": "360",
        "HUYEN": "Huyện ý Yên"
    },
    {
        "MATINH": "36",
        "TINH": "Tỉnh Nam Định",
        "MAHUYEN": "356",
        "HUYEN": "Thành phố Nam Định"
    },
    {
        "MATINH": "40",
        "TINH": "Tỉnh Nghệ An",
        "MAHUYEN": "424",
        "HUYEN": "Huyện Anh Sơn"
    },
    {
        "MATINH": "40",
        "TINH": "Tỉnh Nghệ An",
        "MAHUYEN": "422",
        "HUYEN": "Huyện Con Cuông"
    },
    {
        "MATINH": "40",
        "TINH": "Tỉnh Nghệ An",
        "MAHUYEN": "425",
        "HUYEN": "Huyện Diễn Châu"
    },
    {
        "MATINH": "40",
        "TINH": "Tỉnh Nghệ An",
        "MAHUYEN": "427",
        "HUYEN": "Huyện Đô Lương"
    },
    {
        "MATINH": "40",
        "TINH": "Tỉnh Nghệ An",
        "MAHUYEN": "431",
        "HUYEN": "Huyện Hưng Nguyên"
    },
    {
        "MATINH": "40",
        "TINH": "Tỉnh Nghệ An",
        "MAHUYEN": "417",
        "HUYEN": "Huyện Kỳ Sơn"
    },
    {
        "MATINH": "40",
        "TINH": "Tỉnh Nghệ An",
        "MAHUYEN": "430",
        "HUYEN": "Huyện Nam Đàn"
    },
    {
        "MATINH": "40",
        "TINH": "Tỉnh Nghệ An",
        "MAHUYEN": "429",
        "HUYEN": "Huyện Nghi Lộc"
    },
    {
        "MATINH": "40",
        "TINH": "Tỉnh Nghệ An",
        "MAHUYEN": "419",
        "HUYEN": "Huyện Nghĩa Đàn"
    },
    {
        "MATINH": "40",
        "TINH": "Tỉnh Nghệ An",
        "MAHUYEN": "415",
        "HUYEN": "Huyện Quế Phong"
    },
    {
        "MATINH": "40",
        "TINH": "Tỉnh Nghệ An",
        "MAHUYEN": "416",
        "HUYEN": "Huyện Quỳ Châu"
    },
    {
        "MATINH": "40",
        "TINH": "Tỉnh Nghệ An",
        "MAHUYEN": "420",
        "HUYEN": "Huyện Quỳ Hợp"
    },
    {
        "MATINH": "40",
        "TINH": "Tỉnh Nghệ An",
        "MAHUYEN": "421",
        "HUYEN": "Huyện Quỳnh Lưu"
    },
    {
        "MATINH": "40",
        "TINH": "Tỉnh Nghệ An",
        "MAHUYEN": "423",
        "HUYEN": "Huyện Tân Kỳ"
    },
    {
        "MATINH": "40",
        "TINH": "Tỉnh Nghệ An",
        "MAHUYEN": "428",
        "HUYEN": "Huyện Thanh Chương"
    },
    {
        "MATINH": "40",
        "TINH": "Tỉnh Nghệ An",
        "MAHUYEN": "418",
        "HUYEN": "Huyện Tương Dương"
    },
    {
        "MATINH": "40",
        "TINH": "Tỉnh Nghệ An",
        "MAHUYEN": "426",
        "HUYEN": "Huyện Yên Thành"
    },
    {
        "MATINH": "40",
        "TINH": "Tỉnh Nghệ An",
        "MAHUYEN": "412",
        "HUYEN": "Thành phố Vinh"
    },
    {
        "MATINH": "40",
        "TINH": "Tỉnh Nghệ An",
        "MAHUYEN": "413",
        "HUYEN": "Thị xã Cửa Lò"
    },
    {
        "MATINH": "40",
        "TINH": "Tỉnh Nghệ An",
        "MAHUYEN": "432",
        "HUYEN": "Thị xã Hoàng Mai"
    },
    {
        "MATINH": "40",
        "TINH": "Tỉnh Nghệ An",
        "MAHUYEN": "414",
        "HUYEN": "Thị xã Thái Hoà"
    },
    {
        "MATINH": "37",
        "TINH": "Tỉnh Ninh Bình",
        "MAHUYEN": "373",
        "HUYEN": "Huyện Gia Viễn"
    },
    {
        "MATINH": "37",
        "TINH": "Tỉnh Ninh Bình",
        "MAHUYEN": "374",
        "HUYEN": "Huyện Hoa Lư"
    },
    {
        "MATINH": "37",
        "TINH": "Tỉnh Ninh Bình",
        "MAHUYEN": "376",
        "HUYEN": "Huyện Kim Sơn"
    },
    {
        "MATINH": "37",
        "TINH": "Tỉnh Ninh Bình",
        "MAHUYEN": "372",
        "HUYEN": "Huyện Nho Quan"
    },
    {
        "MATINH": "37",
        "TINH": "Tỉnh Ninh Bình",
        "MAHUYEN": "375",
        "HUYEN": "Huyện Yên Khánh"
    },
    {
        "MATINH": "37",
        "TINH": "Tỉnh Ninh Bình",
        "MAHUYEN": "377",
        "HUYEN": "Huyện Yên Mô"
    },
    {
        "MATINH": "37",
        "TINH": "Tỉnh Ninh Bình",
        "MAHUYEN": "369",
        "HUYEN": "Thành phố Ninh Bình"
    },
    {
        "MATINH": "37",
        "TINH": "Tỉnh Ninh Bình",
        "MAHUYEN": "370",
        "HUYEN": "Thành phố Tam Điệp"
    },
    {
        "MATINH": "58",
        "TINH": "Tỉnh Ninh Thuận",
        "MAHUYEN": "584",
        "HUYEN": "Huyện Bác ái"
    },
    {
        "MATINH": "58",
        "TINH": "Tỉnh Ninh Thuận",
        "MAHUYEN": "586",
        "HUYEN": "Huyện Ninh Hải"
    },
    {
        "MATINH": "58",
        "TINH": "Tỉnh Ninh Thuận",
        "MAHUYEN": "587",
        "HUYEN": "Huyện Ninh Phước"
    },
    {
        "MATINH": "58",
        "TINH": "Tỉnh Ninh Thuận",
        "MAHUYEN": "585",
        "HUYEN": "Huyện Ninh Sơn"
    },
    {
        "MATINH": "58",
        "TINH": "Tỉnh Ninh Thuận",
        "MAHUYEN": "588",
        "HUYEN": "Huyện Thuận Bắc"
    },
    {
        "MATINH": "58",
        "TINH": "Tỉnh Ninh Thuận",
        "MAHUYEN": "589",
        "HUYEN": "Huyện Thuận Nam"
    },
    {
        "MATINH": "58",
        "TINH": "Tỉnh Ninh Thuận",
        "MAHUYEN": "582",
        "HUYEN": "Thành phố Phan Rang-Tháp Chàm"
    },
    {
        "MATINH": "25",
        "TINH": "Tỉnh Phú Thọ",
        "MAHUYEN": "235",
        "HUYEN": "Huyện Cẩm Khê"
    },
    {
        "MATINH": "25",
        "TINH": "Tỉnh Phú Thọ",
        "MAHUYEN": "230",
        "HUYEN": "Huyện Đoan Hùng"
    },
    {
        "MATINH": "25",
        "TINH": "Tỉnh Phú Thọ",
        "MAHUYEN": "231",
        "HUYEN": "Huyện Hạ Hoà"
    },
    {
        "MATINH": "25",
        "TINH": "Tỉnh Phú Thọ",
        "MAHUYEN": "237",
        "HUYEN": "Huyện Lâm Thao"
    },
    {
        "MATINH": "25",
        "TINH": "Tỉnh Phú Thọ",
        "MAHUYEN": "233",
        "HUYEN": "Huyện Phù Ninh"
    },
    {
        "MATINH": "25",
        "TINH": "Tỉnh Phú Thọ",
        "MAHUYEN": "236",
        "HUYEN": "Huyện Tam Nông"
    },
    {
        "MATINH": "25",
        "TINH": "Tỉnh Phú Thọ",
        "MAHUYEN": "240",
        "HUYEN": "Huyện Tân Sơn"
    },
    {
        "MATINH": "25",
        "TINH": "Tỉnh Phú Thọ",
        "MAHUYEN": "232",
        "HUYEN": "Huyện Thanh Ba"
    },
    {
        "MATINH": "25",
        "TINH": "Tỉnh Phú Thọ",
        "MAHUYEN": "238",
        "HUYEN": "Huyện Thanh Sơn"
    },
    {
        "MATINH": "25",
        "TINH": "Tỉnh Phú Thọ",
        "MAHUYEN": "239",
        "HUYEN": "Huyện Thanh Thuỷ"
    },
    {
        "MATINH": "25",
        "TINH": "Tỉnh Phú Thọ",
        "MAHUYEN": "234",
        "HUYEN": "Huyện Yên Lập"
    },
    {
        "MATINH": "25",
        "TINH": "Tỉnh Phú Thọ",
        "MAHUYEN": "227",
        "HUYEN": "Thành phố Việt Trì"
    },
    {
        "MATINH": "25",
        "TINH": "Tỉnh Phú Thọ",
        "MAHUYEN": "228",
        "HUYEN": "Thị xã Phú Thọ"
    },
    {
        "MATINH": "54",
        "TINH": "Tỉnh Phú Yên",
        "MAHUYEN": "564",
        "HUYEN": "Huyện Đông Hòa"
    },
    {
        "MATINH": "54",
        "TINH": "Tỉnh Phú Yên",
        "MAHUYEN": "558",
        "HUYEN": "Huyện Đồng Xuân"
    },
    {
        "MATINH": "54",
        "TINH": "Tỉnh Phú Yên",
        "MAHUYEN": "563",
        "HUYEN": "Huyện Phú Hoà"
    },
    {
        "MATINH": "54",
        "TINH": "Tỉnh Phú Yên",
        "MAHUYEN": "560",
        "HUYEN": "Huyện Sơn Hòa"
    },
    {
        "MATINH": "54",
        "TINH": "Tỉnh Phú Yên",
        "MAHUYEN": "561",
        "HUYEN": "Huyện Sông Hinh"
    },
    {
        "MATINH": "54",
        "TINH": "Tỉnh Phú Yên",
        "MAHUYEN": "562",
        "HUYEN": "Huyện Tây Hoà"
    },
    {
        "MATINH": "54",
        "TINH": "Tỉnh Phú Yên",
        "MAHUYEN": "559",
        "HUYEN": "Huyện Tuy An"
    },
    {
        "MATINH": "54",
        "TINH": "Tỉnh Phú Yên",
        "MAHUYEN": "555",
        "HUYEN": "Thành phố Tuy Hoà"
    },
    {
        "MATINH": "54",
        "TINH": "Tỉnh Phú Yên",
        "MAHUYEN": "557",
        "HUYEN": "Thị xã Sông Cầu"
    },
    {
        "MATINH": "44",
        "TINH": "Tỉnh Quảng Bình",
        "MAHUYEN": "455",
        "HUYEN": "Huyện Bố Trạch"
    },
    {
        "MATINH": "44",
        "TINH": "Tỉnh Quảng Bình",
        "MAHUYEN": "457",
        "HUYEN": "Huyện Lệ Thủy"
    },
    {
        "MATINH": "44",
        "TINH": "Tỉnh Quảng Bình",
        "MAHUYEN": "452",
        "HUYEN": "Huyện Minh Hóa"
    },
    {
        "MATINH": "44",
        "TINH": "Tỉnh Quảng Bình",
        "MAHUYEN": "456",
        "HUYEN": "Huyện Quảng Ninh"
    },
    {
        "MATINH": "44",
        "TINH": "Tỉnh Quảng Bình",
        "MAHUYEN": "454",
        "HUYEN": "Huyện Quảng Trạch"
    },
    {
        "MATINH": "44",
        "TINH": "Tỉnh Quảng Bình",
        "MAHUYEN": "453",
        "HUYEN": "Huyện Tuyên Hóa"
    },
    {
        "MATINH": "44",
        "TINH": "Tỉnh Quảng Bình",
        "MAHUYEN": "450",
        "HUYEN": "Thành Phố Đồng Hới"
    },
    {
        "MATINH": "44",
        "TINH": "Tỉnh Quảng Bình",
        "MAHUYEN": "458",
        "HUYEN": "Thị xã Ba Đồn"
    },
    {
        "MATINH": "49",
        "TINH": "Tỉnh Quảng Nam",
        "MAHUYEN": "515",
        "HUYEN": "Huyện Bắc Trà My"
    },
    {
        "MATINH": "49",
        "TINH": "Tỉnh Quảng Nam",
        "MAHUYEN": "506",
        "HUYEN": "Huyện Đại Lộc"
    },
    {
        "MATINH": "49",
        "TINH": "Tỉnh Quảng Nam",
        "MAHUYEN": "505",
        "HUYEN": "Huyện Đông Giang"
    },
    {
        "MATINH": "49",
        "TINH": "Tỉnh Quảng Nam",
        "MAHUYEN": "508",
        "HUYEN": "Huyện Duy Xuyên"
    },
    {
        "MATINH": "49",
        "TINH": "Tỉnh Quảng Nam",
        "MAHUYEN": "512",
        "HUYEN": "Huyện Hiệp Đức"
    },
    {
        "MATINH": "49",
        "TINH": "Tỉnh Quảng Nam",
        "MAHUYEN": "510",
        "HUYEN": "Huyện Nam Giang"
    },
    {
        "MATINH": "49",
        "TINH": "Tỉnh Quảng Nam",
        "MAHUYEN": "516",
        "HUYEN": "Huyện Nam Trà My"
    },
    {
        "MATINH": "49",
        "TINH": "Tỉnh Quảng Nam",
        "MAHUYEN": "519",
        "HUYEN": "Huyện Nông Sơn"
    },
    {
        "MATINH": "49",
        "TINH": "Tỉnh Quảng Nam",
        "MAHUYEN": "517",
        "HUYEN": "Huyện Núi Thành"
    },
    {
        "MATINH": "49",
        "TINH": "Tỉnh Quảng Nam",
        "MAHUYEN": "518",
        "HUYEN": "Huyện Phú Ninh"
    },
    {
        "MATINH": "49",
        "TINH": "Tỉnh Quảng Nam",
        "MAHUYEN": "511",
        "HUYEN": "Huyện Phước Sơn"
    },
    {
        "MATINH": "49",
        "TINH": "Tỉnh Quảng Nam",
        "MAHUYEN": "509",
        "HUYEN": "Huyện Quế Sơn"
    },
    {
        "MATINH": "49",
        "TINH": "Tỉnh Quảng Nam",
        "MAHUYEN": "504",
        "HUYEN": "Huyện Tây Giang"
    },
    {
        "MATINH": "49",
        "TINH": "Tỉnh Quảng Nam",
        "MAHUYEN": "513",
        "HUYEN": "Huyện Thăng Bình"
    },
    {
        "MATINH": "49",
        "TINH": "Tỉnh Quảng Nam",
        "MAHUYEN": "514",
        "HUYEN": "Huyện Tiên Phước"
    },
    {
        "MATINH": "49",
        "TINH": "Tỉnh Quảng Nam",
        "MAHUYEN": "503",
        "HUYEN": "Thành phố Hội An"
    },
    {
        "MATINH": "49",
        "TINH": "Tỉnh Quảng Nam",
        "MAHUYEN": "502",
        "HUYEN": "Thành phố Tam Kỳ"
    },
    {
        "MATINH": "49",
        "TINH": "Tỉnh Quảng Nam",
        "MAHUYEN": "507",
        "HUYEN": "Thị xã Điện Bàn"
    },
    {
        "MATINH": "51",
        "TINH": "Tỉnh Quảng Ngãi",
        "MAHUYEN": "535",
        "HUYEN": "Huyện Ba Tơ"
    },
    {
        "MATINH": "51",
        "TINH": "Tỉnh Quảng Ngãi",
        "MAHUYEN": "524",
        "HUYEN": "Huyện Bình Sơn"
    },
    {
        "MATINH": "51",
        "TINH": "Tỉnh Quảng Ngãi",
        "MAHUYEN": "534",
        "HUYEN": "Huyện Đức Phổ"
    },
    {
        "MATINH": "51",
        "TINH": "Tỉnh Quảng Ngãi",
        "MAHUYEN": "536",
        "HUYEN": "Huyện Lý Sơn"
    },
    {
        "MATINH": "51",
        "TINH": "Tỉnh Quảng Ngãi",
        "MAHUYEN": "531",
        "HUYEN": "Huyện Minh Long"
    },
    {
        "MATINH": "51",
        "TINH": "Tỉnh Quảng Ngãi",
        "MAHUYEN": "533",
        "HUYEN": "Huyện Mộ Đức"
    },
    {
        "MATINH": "51",
        "TINH": "Tỉnh Quảng Ngãi",
        "MAHUYEN": "532",
        "HUYEN": "Huyện Nghĩa Hành"
    },
    {
        "MATINH": "51",
        "TINH": "Tỉnh Quảng Ngãi",
        "MAHUYEN": "529",
        "HUYEN": "Huyện Sơn Hà"
    },
    {
        "MATINH": "51",
        "TINH": "Tỉnh Quảng Ngãi",
        "MAHUYEN": "530",
        "HUYEN": "Huyện Sơn Tây"
    },
    {
        "MATINH": "51",
        "TINH": "Tỉnh Quảng Ngãi",
        "MAHUYEN": "527",
        "HUYEN": "Huyện Sơn Tịnh"
    },
    {
        "MATINH": "51",
        "TINH": "Tỉnh Quảng Ngãi",
        "MAHUYEN": "526",
        "HUYEN": "Huyện Tây Trà"
    },
    {
        "MATINH": "51",
        "TINH": "Tỉnh Quảng Ngãi",
        "MAHUYEN": "525",
        "HUYEN": "Huyện Trà Bồng"
    },
    {
        "MATINH": "51",
        "TINH": "Tỉnh Quảng Ngãi",
        "MAHUYEN": "528",
        "HUYEN": "Huyện Tư Nghĩa"
    },
    {
        "MATINH": "51",
        "TINH": "Tỉnh Quảng Ngãi",
        "MAHUYEN": "522",
        "HUYEN": "Thành phố Quảng Ngãi"
    },
    {
        "MATINH": "22",
        "TINH": "Tỉnh Quảng Ninh",
        "MAHUYEN": "202",
        "HUYEN": "Huyện Ba Chẽ"
    },
    {
        "MATINH": "22",
        "TINH": "Tỉnh Quảng Ninh",
        "MAHUYEN": "198",
        "HUYEN": "Huyện Bình Liêu"
    },
    {
        "MATINH": "22",
        "TINH": "Tỉnh Quảng Ninh",
        "MAHUYEN": "207",
        "HUYEN": "Huyện Cô Tô"
    },
    {
        "MATINH": "22",
        "TINH": "Tỉnh Quảng Ninh",
        "MAHUYEN": "200",
        "HUYEN": "Huyện Đầm Hà"
    },
    {
        "MATINH": "22",
        "TINH": "Tỉnh Quảng Ninh",
        "MAHUYEN": "201",
        "HUYEN": "Huyện Hải Hà"
    },
    {
        "MATINH": "22",
        "TINH": "Tỉnh Quảng Ninh",
        "MAHUYEN": "204",
        "HUYEN": "Huyện Hoành Bồ"
    },
    {
        "MATINH": "22",
        "TINH": "Tỉnh Quảng Ninh",
        "MAHUYEN": "199",
        "HUYEN": "Huyện Tiên Yên"
    },
    {
        "MATINH": "22",
        "TINH": "Tỉnh Quảng Ninh",
        "MAHUYEN": "203",
        "HUYEN": "Huyện Vân Đồn"
    },
    {
        "MATINH": "22",
        "TINH": "Tỉnh Quảng Ninh",
        "MAHUYEN": "195",
        "HUYEN": "Thành phố Cẩm Phả"
    },
    {
        "MATINH": "22",
        "TINH": "Tỉnh Quảng Ninh",
        "MAHUYEN": "193",
        "HUYEN": "Thành phố Hạ Long"
    },
    {
        "MATINH": "22",
        "TINH": "Tỉnh Quảng Ninh",
        "MAHUYEN": "194",
        "HUYEN": "Thành phố Móng Cái"
    },
    {
        "MATINH": "22",
        "TINH": "Tỉnh Quảng Ninh",
        "MAHUYEN": "196",
        "HUYEN": "Thành phố Uông Bí"
    },
    {
        "MATINH": "22",
        "TINH": "Tỉnh Quảng Ninh",
        "MAHUYEN": "205",
        "HUYEN": "Thị xã Đông Triều"
    },
    {
        "MATINH": "22",
        "TINH": "Tỉnh Quảng Ninh",
        "MAHUYEN": "206",
        "HUYEN": "Thị xã Quảng Yên"
    },
    {
        "MATINH": "45",
        "TINH": "Tỉnh Quảng Trị",
        "MAHUYEN": "471",
        "HUYEN": "Cồn Cỏ"
    },
    {
        "MATINH": "45",
        "TINH": "Tỉnh Quảng Trị",
        "MAHUYEN": "468",
        "HUYEN": "Huyện Cam Lộ"
    },
    {
        "MATINH": "45",
        "TINH": "Tỉnh Quảng Trị",
        "MAHUYEN": "467",
        "HUYEN": "Huyện Đa Krông"
    },
    {
        "MATINH": "45",
        "TINH": "Tỉnh Quảng Trị",
        "MAHUYEN": "466",
        "HUYEN": "Huyện Gio Linh"
    },
    {
        "MATINH": "45",
        "TINH": "Tỉnh Quảng Trị",
        "MAHUYEN": "470",
        "HUYEN": "Huyện Hải Lăng"
    },
    {
        "MATINH": "45",
        "TINH": "Tỉnh Quảng Trị",
        "MAHUYEN": "465",
        "HUYEN": "Huyện Hướng Hóa"
    },
    {
        "MATINH": "45",
        "TINH": "Tỉnh Quảng Trị",
        "MAHUYEN": "469",
        "HUYEN": "Huyện Triệu Phong"
    },
    {
        "MATINH": "45",
        "TINH": "Tỉnh Quảng Trị",
        "MAHUYEN": "464",
        "HUYEN": "Huyện Vĩnh Linh"
    },
    {
        "MATINH": "45",
        "TINH": "Tỉnh Quảng Trị",
        "MAHUYEN": "461",
        "HUYEN": "Thành phố Đông Hà"
    },
    {
        "MATINH": "45",
        "TINH": "Tỉnh Quảng Trị",
        "MAHUYEN": "462",
        "HUYEN": "Thị xã Quảng Trị"
    },
    {
        "MATINH": "94",
        "TINH": "Tỉnh Sóc Trăng",
        "MAHUYEN": "942",
        "HUYEN": "Huyện Châu Thành"
    },
    {
        "MATINH": "94",
        "TINH": "Tỉnh Sóc Trăng",
        "MAHUYEN": "945",
        "HUYEN": "Huyện Cù Lao Dung"
    },
    {
        "MATINH": "94",
        "TINH": "Tỉnh Sóc Trăng",
        "MAHUYEN": "943",
        "HUYEN": "Huyện Kế Sách"
    },
    {
        "MATINH": "94",
        "TINH": "Tỉnh Sóc Trăng",
        "MAHUYEN": "946",
        "HUYEN": "Huyện Long Phú"
    },
    {
        "MATINH": "94",
        "TINH": "Tỉnh Sóc Trăng",
        "MAHUYEN": "944",
        "HUYEN": "Huyện Mỹ Tú"
    },
    {
        "MATINH": "94",
        "TINH": "Tỉnh Sóc Trăng",
        "MAHUYEN": "947",
        "HUYEN": "Huyện Mỹ Xuyên"
    },
    {
        "MATINH": "94",
        "TINH": "Tỉnh Sóc Trăng",
        "MAHUYEN": "949",
        "HUYEN": "Huyện Thạnh Trị"
    },
    {
        "MATINH": "94",
        "TINH": "Tỉnh Sóc Trăng",
        "MAHUYEN": "951",
        "HUYEN": "Huyện Trần Đề"
    },
    {
        "MATINH": "94",
        "TINH": "Tỉnh Sóc Trăng",
        "MAHUYEN": "941",
        "HUYEN": "Thành phố Sóc Trăng"
    },
    {
        "MATINH": "94",
        "TINH": "Tỉnh Sóc Trăng",
        "MAHUYEN": "948",
        "HUYEN": "Thị xã Ngã Năm"
    },
    {
        "MATINH": "94",
        "TINH": "Tỉnh Sóc Trăng",
        "MAHUYEN": "950",
        "HUYEN": "Thị xã Vĩnh Châu"
    },
    {
        "MATINH": "14",
        "TINH": "Tỉnh Sơn La",
        "MAHUYEN": "121",
        "HUYEN": "Huyện Bắc Yên"
    },
    {
        "MATINH": "14",
        "TINH": "Tỉnh Sơn La",
        "MAHUYEN": "125",
        "HUYEN": "Huyện Mai Sơn"
    },
    {
        "MATINH": "14",
        "TINH": "Tỉnh Sơn La",
        "MAHUYEN": "123",
        "HUYEN": "Huyện Mộc Châu"
    },
    {
        "MATINH": "14",
        "TINH": "Tỉnh Sơn La",
        "MAHUYEN": "120",
        "HUYEN": "Huyện Mường La"
    },
    {
        "MATINH": "14",
        "TINH": "Tỉnh Sơn La",
        "MAHUYEN": "122",
        "HUYEN": "Huyện Phù Yên"
    },
    {
        "MATINH": "14",
        "TINH": "Tỉnh Sơn La",
        "MAHUYEN": "118",
        "HUYEN": "Huyện Quỳnh Nhai"
    },
    {
        "MATINH": "14",
        "TINH": "Tỉnh Sơn La",
        "MAHUYEN": "126",
        "HUYEN": "Huyện Sông Mã"
    },
    {
        "MATINH": "14",
        "TINH": "Tỉnh Sơn La",
        "MAHUYEN": "127",
        "HUYEN": "Huyện Sốp Cộp"
    },
    {
        "MATINH": "14",
        "TINH": "Tỉnh Sơn La",
        "MAHUYEN": "119",
        "HUYEN": "Huyện Thuận Châu"
    },
    {
        "MATINH": "14",
        "TINH": "Tỉnh Sơn La",
        "MAHUYEN": "128",
        "HUYEN": "Huyện Vân Hồ"
    },
    {
        "MATINH": "14",
        "TINH": "Tỉnh Sơn La",
        "MAHUYEN": "124",
        "HUYEN": "Huyện Yên Châu"
    },
    {
        "MATINH": "14",
        "TINH": "Tỉnh Sơn La",
        "MAHUYEN": "116",
        "HUYEN": "Thành phố Sơn La"
    },
    {
        "MATINH": "72",
        "TINH": "Tỉnh Tây Ninh",
        "MAHUYEN": "711",
        "HUYEN": "Huyện Bến Cầu"
    },
    {
        "MATINH": "72",
        "TINH": "Tỉnh Tây Ninh",
        "MAHUYEN": "708",
        "HUYEN": "Huyện Châu Thành"
    },
    {
        "MATINH": "72",
        "TINH": "Tỉnh Tây Ninh",
        "MAHUYEN": "707",
        "HUYEN": "Huyện Dương Minh Châu"
    },
    {
        "MATINH": "72",
        "TINH": "Tỉnh Tây Ninh",
        "MAHUYEN": "710",
        "HUYEN": "Huyện Gò Dầu"
    },
    {
        "MATINH": "72",
        "TINH": "Tỉnh Tây Ninh",
        "MAHUYEN": "709",
        "HUYEN": "Huyện Hòa Thành"
    },
    {
        "MATINH": "72",
        "TINH": "Tỉnh Tây Ninh",
        "MAHUYEN": "705",
        "HUYEN": "Huyện Tân Biên"
    },
    {
        "MATINH": "72",
        "TINH": "Tỉnh Tây Ninh",
        "MAHUYEN": "706",
        "HUYEN": "Huyện Tân Châu"
    },
    {
        "MATINH": "72",
        "TINH": "Tỉnh Tây Ninh",
        "MAHUYEN": "712",
        "HUYEN": "Huyện Trảng Bàng"
    },
    {
        "MATINH": "72",
        "TINH": "Tỉnh Tây Ninh",
        "MAHUYEN": "703",
        "HUYEN": "Thành phố Tây Ninh"
    },
    {
        "MATINH": "34",
        "TINH": "Tỉnh Thái Bình",
        "MAHUYEN": "340",
        "HUYEN": "Huyện Đông Hưng"
    },
    {
        "MATINH": "34",
        "TINH": "Tỉnh Thái Bình",
        "MAHUYEN": "339",
        "HUYEN": "Huyện Hưng Hà"
    },
    {
        "MATINH": "34",
        "TINH": "Tỉnh Thái Bình",
        "MAHUYEN": "343",
        "HUYEN": "Huyện Kiến Xương"
    },
    {
        "MATINH": "34",
        "TINH": "Tỉnh Thái Bình",
        "MAHUYEN": "338",
        "HUYEN": "Huyện Quỳnh Phụ"
    },
    {
        "MATINH": "34",
        "TINH": "Tỉnh Thái Bình",
        "MAHUYEN": "341",
        "HUYEN": "Huyện Thái Thụy"
    },
    {
        "MATINH": "34",
        "TINH": "Tỉnh Thái Bình",
        "MAHUYEN": "342",
        "HUYEN": "Huyện Tiền Hải"
    },
    {
        "MATINH": "34",
        "TINH": "Tỉnh Thái Bình",
        "MAHUYEN": "344",
        "HUYEN": "Huyện Vũ Thư"
    },
    {
        "MATINH": "34",
        "TINH": "Tỉnh Thái Bình",
        "MAHUYEN": "336",
        "HUYEN": "Thành phố Thái Bình"
    },
    {
        "MATINH": "19",
        "TINH": "Tỉnh Thái Nguyên",
        "MAHUYEN": "171",
        "HUYEN": "Huyện Đại Từ"
    },
    {
        "MATINH": "19",
        "TINH": "Tỉnh Thái Nguyên",
        "MAHUYEN": "167",
        "HUYEN": "Huyện Định Hóa"
    },
    {
        "MATINH": "19",
        "TINH": "Tỉnh Thái Nguyên",
        "MAHUYEN": "169",
        "HUYEN": "Huyện Đồng Hỷ"
    },
    {
        "MATINH": "19",
        "TINH": "Tỉnh Thái Nguyên",
        "MAHUYEN": "173",
        "HUYEN": "Huyện Phú Bình"
    },
    {
        "MATINH": "19",
        "TINH": "Tỉnh Thái Nguyên",
        "MAHUYEN": "168",
        "HUYEN": "Huyện Phú Lương"
    },
    {
        "MATINH": "19",
        "TINH": "Tỉnh Thái Nguyên",
        "MAHUYEN": "170",
        "HUYEN": "Huyện Võ Nhai"
    },
    {
        "MATINH": "19",
        "TINH": "Tỉnh Thái Nguyên",
        "MAHUYEN": "165",
        "HUYEN": "Thành phố Sông Công"
    },
    {
        "MATINH": "19",
        "TINH": "Tỉnh Thái Nguyên",
        "MAHUYEN": "164",
        "HUYEN": "Thành phố Thái Nguyên"
    },
    {
        "MATINH": "19",
        "TINH": "Tỉnh Thái Nguyên",
        "MAHUYEN": "172",
        "HUYEN": "Thị xã Phổ Yên"
    },
    {
        "MATINH": "38",
        "TINH": "Tỉnh Thanh Hóa",
        "MAHUYEN": "386",
        "HUYEN": "Huyện Bá Thước"
    },
    {
        "MATINH": "38",
        "TINH": "Tỉnh Thanh Hóa",
        "MAHUYEN": "390",
        "HUYEN": "Huyện Cẩm Thủy"
    },
    {
        "MATINH": "38",
        "TINH": "Tỉnh Thanh Hóa",
        "MAHUYEN": "405",
        "HUYEN": "Huyện Đông Sơn"
    },
    {
        "MATINH": "38",
        "TINH": "Tỉnh Thanh Hóa",
        "MAHUYEN": "392",
        "HUYEN": "Huyện Hà Trung"
    },
    {
        "MATINH": "38",
        "TINH": "Tỉnh Thanh Hóa",
        "MAHUYEN": "400",
        "HUYEN": "Huyện Hậu Lộc"
    },
    {
        "MATINH": "38",
        "TINH": "Tỉnh Thanh Hóa",
        "MAHUYEN": "399",
        "HUYEN": "Huyện Hoằng Hóa"
    },
    {
        "MATINH": "38",
        "TINH": "Tỉnh Thanh Hóa",
        "MAHUYEN": "388",
        "HUYEN": "Huyện Lang Chánh"
    },
    {
        "MATINH": "38",
        "TINH": "Tỉnh Thanh Hóa",
        "MAHUYEN": "384",
        "HUYEN": "Huyện Mường Lát"
    },
    {
        "MATINH": "38",
        "TINH": "Tỉnh Thanh Hóa",
        "MAHUYEN": "401",
        "HUYEN": "Huyện Nga Sơn"
    },
    {
        "MATINH": "38",
        "TINH": "Tỉnh Thanh Hóa",
        "MAHUYEN": "389",
        "HUYEN": "Huyện Ngọc Lặc"
    },
    {
        "MATINH": "38",
        "TINH": "Tỉnh Thanh Hóa",
        "MAHUYEN": "403",
        "HUYEN": "Huyện Như Thanh"
    },
    {
        "MATINH": "38",
        "TINH": "Tỉnh Thanh Hóa",
        "MAHUYEN": "402",
        "HUYEN": "Huyện Như Xuân"
    },
    {
        "MATINH": "38",
        "TINH": "Tỉnh Thanh Hóa",
        "MAHUYEN": "404",
        "HUYEN": "Huyện Nông Cống"
    },
    {
        "MATINH": "38",
        "TINH": "Tỉnh Thanh Hóa",
        "MAHUYEN": "385",
        "HUYEN": "Huyện Quan Hóa"
    },
    {
        "MATINH": "38",
        "TINH": "Tỉnh Thanh Hóa",
        "MAHUYEN": "387",
        "HUYEN": "Huyện Quan Sơn"
    },
    {
        "MATINH": "38",
        "TINH": "Tỉnh Thanh Hóa",
        "MAHUYEN": "406",
        "HUYEN": "Huyện Quảng Xương"
    },
    {
        "MATINH": "38",
        "TINH": "Tỉnh Thanh Hóa",
        "MAHUYEN": "391",
        "HUYEN": "Huyện Thạch Thành"
    },
    {
        "MATINH": "38",
        "TINH": "Tỉnh Thanh Hóa",
        "MAHUYEN": "398",
        "HUYEN": "Huyện Thiệu Hóa"
    },
    {
        "MATINH": "38",
        "TINH": "Tỉnh Thanh Hóa",
        "MAHUYEN": "395",
        "HUYEN": "Huyện Thọ Xuân"
    },
    {
        "MATINH": "38",
        "TINH": "Tỉnh Thanh Hóa",
        "MAHUYEN": "396",
        "HUYEN": "Huyện Thường Xuân"
    },
    {
        "MATINH": "38",
        "TINH": "Tỉnh Thanh Hóa",
        "MAHUYEN": "407",
        "HUYEN": "Huyện Tĩnh Gia"
    },
    {
        "MATINH": "38",
        "TINH": "Tỉnh Thanh Hóa",
        "MAHUYEN": "397",
        "HUYEN": "Huyện Triệu Sơn"
    },
    {
        "MATINH": "38",
        "TINH": "Tỉnh Thanh Hóa",
        "MAHUYEN": "393",
        "HUYEN": "Huyện Vĩnh Lộc"
    },
    {
        "MATINH": "38",
        "TINH": "Tỉnh Thanh Hóa",
        "MAHUYEN": "394",
        "HUYEN": "Huyện Yên Định"
    },
    {
        "MATINH": "38",
        "TINH": "Tỉnh Thanh Hóa",
        "MAHUYEN": "382",
        "HUYEN": "Thành phố Sầm Sơn"
    },
    {
        "MATINH": "38",
        "TINH": "Tỉnh Thanh Hóa",
        "MAHUYEN": "380",
        "HUYEN": "Thành phố Thanh Hóa"
    },
    {
        "MATINH": "38",
        "TINH": "Tỉnh Thanh Hóa",
        "MAHUYEN": "381",
        "HUYEN": "Thị xã Bỉm Sơn"
    },
    {
        "MATINH": "46",
        "TINH": "Tỉnh Thừa Thiên Huế",
        "MAHUYEN": "481",
        "HUYEN": "Huyện A Lưới"
    },
    {
        "MATINH": "46",
        "TINH": "Tỉnh Thừa Thiên Huế",
        "MAHUYEN": "483",
        "HUYEN": "Huyện Nam Đông"
    },
    {
        "MATINH": "46",
        "TINH": "Tỉnh Thừa Thiên Huế",
        "MAHUYEN": "476",
        "HUYEN": "Huyện Phong Điền"
    },
    {
        "MATINH": "46",
        "TINH": "Tỉnh Thừa Thiên Huế",
        "MAHUYEN": "482",
        "HUYEN": "Huyện Phú Lộc"
    },
    {
        "MATINH": "46",
        "TINH": "Tỉnh Thừa Thiên Huế",
        "MAHUYEN": "478",
        "HUYEN": "Huyện Phú Vang"
    },
    {
        "MATINH": "46",
        "TINH": "Tỉnh Thừa Thiên Huế",
        "MAHUYEN": "477",
        "HUYEN": "Huyện Quảng Điền"
    },
    {
        "MATINH": "46",
        "TINH": "Tỉnh Thừa Thiên Huế",
        "MAHUYEN": "474",
        "HUYEN": "Thành phố Huế"
    },
    {
        "MATINH": "46",
        "TINH": "Tỉnh Thừa Thiên Huế",
        "MAHUYEN": "479",
        "HUYEN": "Thị xã Hương Thủy"
    },
    {
        "MATINH": "46",
        "TINH": "Tỉnh Thừa Thiên Huế",
        "MAHUYEN": "480",
        "HUYEN": "Thị xã Hương Trà"
    },
    {
        "MATINH": "82",
        "TINH": "Tỉnh Tiền Giang",
        "MAHUYEN": "819",
        "HUYEN": "Huyện Cái Bè"
    },
    {
        "MATINH": "82",
        "TINH": "Tỉnh Tiền Giang",
        "MAHUYEN": "820",
        "HUYEN": "Huyện Cai Lậy"
    },
    {
        "MATINH": "82",
        "TINH": "Tỉnh Tiền Giang",
        "MAHUYEN": "821",
        "HUYEN": "Huyện Châu Thành"
    },
    {
        "MATINH": "82",
        "TINH": "Tỉnh Tiền Giang",
        "MAHUYEN": "822",
        "HUYEN": "Huyện Chợ Gạo"
    },
    {
        "MATINH": "82",
        "TINH": "Tỉnh Tiền Giang",
        "MAHUYEN": "824",
        "HUYEN": "Huyện Gò Công Đông"
    },
    {
        "MATINH": "82",
        "TINH": "Tỉnh Tiền Giang",
        "MAHUYEN": "823",
        "HUYEN": "Huyện Gò Công Tây"
    },
    {
        "MATINH": "82",
        "TINH": "Tỉnh Tiền Giang",
        "MAHUYEN": "825",
        "HUYEN": "Huyện Tân Phú Đông"
    },
    {
        "MATINH": "82",
        "TINH": "Tỉnh Tiền Giang",
        "MAHUYEN": "818",
        "HUYEN": "Huyện Tân Phước"
    },
    {
        "MATINH": "82",
        "TINH": "Tỉnh Tiền Giang",
        "MAHUYEN": "815",
        "HUYEN": "Thành phố Mỹ Tho"
    },
    {
        "MATINH": "82",
        "TINH": "Tỉnh Tiền Giang",
        "MAHUYEN": "817",
        "HUYEN": "Thị xã Cai Lậy"
    },
    {
        "MATINH": "82",
        "TINH": "Tỉnh Tiền Giang",
        "MAHUYEN": "816",
        "HUYEN": "Thị xã Gò Công"
    },
    {
        "MATINH": "84",
        "TINH": "Tỉnh Trà Vinh",
        "MAHUYEN": "844",
        "HUYEN": "Huyện Càng Long"
    },
    {
        "MATINH": "84",
        "TINH": "Tỉnh Trà Vinh",
        "MAHUYEN": "845",
        "HUYEN": "Huyện Cầu Kè"
    },
    {
        "MATINH": "84",
        "TINH": "Tỉnh Trà Vinh",
        "MAHUYEN": "848",
        "HUYEN": "Huyện Cầu Ngang"
    },
    {
        "MATINH": "84",
        "TINH": "Tỉnh Trà Vinh",
        "MAHUYEN": "847",
        "HUYEN": "Huyện Châu Thành"
    },
    {
        "MATINH": "84",
        "TINH": "Tỉnh Trà Vinh",
        "MAHUYEN": "850",
        "HUYEN": "Huyện Duyên Hải"
    },
    {
        "MATINH": "84",
        "TINH": "Tỉnh Trà Vinh",
        "MAHUYEN": "846",
        "HUYEN": "Huyện Tiểu Cần"
    },
    {
        "MATINH": "84",
        "TINH": "Tỉnh Trà Vinh",
        "MAHUYEN": "849",
        "HUYEN": "Huyện Trà Cú"
    },
    {
        "MATINH": "84",
        "TINH": "Tỉnh Trà Vinh",
        "MAHUYEN": "842",
        "HUYEN": "Thành phố Trà Vinh"
    },
    {
        "MATINH": "84",
        "TINH": "Tỉnh Trà Vinh",
        "MAHUYEN": "851",
        "HUYEN": "Thị xã Duyên Hải"
    },
    {
        "MATINH": "8",
        "TINH": "Tỉnh Tuyên Quang",
        "MAHUYEN": "73",
        "HUYEN": "Huyện Chiêm Hóa"
    },
    {
        "MATINH": "8",
        "TINH": "Tỉnh Tuyên Quang",
        "MAHUYEN": "74",
        "HUYEN": "Huyện Hàm Yên"
    },
    {
        "MATINH": "8",
        "TINH": "Tỉnh Tuyên Quang",
        "MAHUYEN": "71",
        "HUYEN": "Huyện Lâm Bình"
    },
    {
        "MATINH": "8",
        "TINH": "Tỉnh Tuyên Quang",
        "MAHUYEN": "72",
        "HUYEN": "Huyện Na Hang"
    },
    {
        "MATINH": "8",
        "TINH": "Tỉnh Tuyên Quang",
        "MAHUYEN": "76",
        "HUYEN": "Huyện Sơn Dương"
    },
    {
        "MATINH": "8",
        "TINH": "Tỉnh Tuyên Quang",
        "MAHUYEN": "75",
        "HUYEN": "Huyện Yên Sơn"
    },
    {
        "MATINH": "8",
        "TINH": "Tỉnh Tuyên Quang",
        "MAHUYEN": "70",
        "HUYEN": "Thành phố Tuyên Quang"
    },
    {
        "MATINH": "86",
        "TINH": "Tỉnh Vĩnh Long",
        "MAHUYEN": "859",
        "HUYEN": "Huyện  Vũng Liêm"
    },
    {
        "MATINH": "86",
        "TINH": "Tỉnh Vĩnh Long",
        "MAHUYEN": "863",
        "HUYEN": "Huyện Bình Tân"
    },
    {
        "MATINH": "86",
        "TINH": "Tỉnh Vĩnh Long",
        "MAHUYEN": "857",
        "HUYEN": "Huyện Long Hồ"
    },
    {
        "MATINH": "86",
        "TINH": "Tỉnh Vĩnh Long",
        "MAHUYEN": "858",
        "HUYEN": "Huyện Mang Thít"
    },
    {
        "MATINH": "86",
        "TINH": "Tỉnh Vĩnh Long",
        "MAHUYEN": "860",
        "HUYEN": "Huyện Tam Bình"
    },
    {
        "MATINH": "86",
        "TINH": "Tỉnh Vĩnh Long",
        "MAHUYEN": "862",
        "HUYEN": "Huyện Trà Ôn"
    },
    {
        "MATINH": "86",
        "TINH": "Tỉnh Vĩnh Long",
        "MAHUYEN": "855",
        "HUYEN": "Thành phố Vĩnh Long"
    },
    {
        "MATINH": "86",
        "TINH": "Tỉnh Vĩnh Long",
        "MAHUYEN": "861",
        "HUYEN": "Thị xã Bình Minh"
    },
    {
        "MATINH": "26",
        "TINH": "Tỉnh Vĩnh Phúc",
        "MAHUYEN": "249",
        "HUYEN": "Huyện Bình Xuyên"
    },
    {
        "MATINH": "26",
        "TINH": "Tỉnh Vĩnh Phúc",
        "MAHUYEN": "246",
        "HUYEN": "Huyện Lập Thạch"
    },
    {
        "MATINH": "26",
        "TINH": "Tỉnh Vĩnh Phúc",
        "MAHUYEN": "253",
        "HUYEN": "Huyện Sông Lô"
    },
    {
        "MATINH": "26",
        "TINH": "Tỉnh Vĩnh Phúc",
        "MAHUYEN": "248",
        "HUYEN": "Huyện Tam Đảo"
    },
    {
        "MATINH": "26",
        "TINH": "Tỉnh Vĩnh Phúc",
        "MAHUYEN": "247",
        "HUYEN": "Huyện Tam Dương"
    },
    {
        "MATINH": "26",
        "TINH": "Tỉnh Vĩnh Phúc",
        "MAHUYEN": "252",
        "HUYEN": "Huyện Vĩnh Tường"
    },
    {
        "MATINH": "26",
        "TINH": "Tỉnh Vĩnh Phúc",
        "MAHUYEN": "251",
        "HUYEN": "Huyện Yên Lạc"
    },
    {
        "MATINH": "26",
        "TINH": "Tỉnh Vĩnh Phúc",
        "MAHUYEN": "243",
        "HUYEN": "Thành phố Vĩnh Yên"
    },
    {
        "MATINH": "26",
        "TINH": "Tỉnh Vĩnh Phúc",
        "MAHUYEN": "244",
        "HUYEN": "Thị xã Phúc Yên"
    },
    {
        "MATINH": "15",
        "TINH": "Tỉnh Yên Bái",
        "MAHUYEN": "135",
        "HUYEN": "Huyện Lục Yên"
    },
    {
        "MATINH": "15",
        "TINH": "Tỉnh Yên Bái",
        "MAHUYEN": "137",
        "HUYEN": "Huyện Mù Căng Chải"
    },
    {
        "MATINH": "15",
        "TINH": "Tỉnh Yên Bái",
        "MAHUYEN": "139",
        "HUYEN": "Huyện Trạm Tấu"
    },
    {
        "MATINH": "15",
        "TINH": "Tỉnh Yên Bái",
        "MAHUYEN": "138",
        "HUYEN": "Huyện Trấn Yên"
    },
    {
        "MATINH": "15",
        "TINH": "Tỉnh Yên Bái",
        "MAHUYEN": "140",
        "HUYEN": "Huyện Văn Chấn"
    },
    {
        "MATINH": "15",
        "TINH": "Tỉnh Yên Bái",
        "MAHUYEN": "136",
        "HUYEN": "Huyện Văn Yên"
    },
    {
        "MATINH": "15",
        "TINH": "Tỉnh Yên Bái",
        "MAHUYEN": "141",
        "HUYEN": "Huyện Yên Bình"
    },
    {
        "MATINH": "15",
        "TINH": "Tỉnh Yên Bái",
        "MAHUYEN": "132",
        "HUYEN": "Thành phố Yên Bái"
    },
    {
        "MATINH": "15",
        "TINH": "Tỉnh Yên Bái",
        "MAHUYEN": "133",
        "HUYEN": "Thị xã Nghĩa Lộ"
    }
]