[
    {
        "MATINH": "92",
        "TINH": "Thành phố Cần Thơ"
    },
    {
        "MATINH": "48",
        "TINH": "Thành phố Đà Nẵng"
    },
    {
        "MATINH": "1",
        "TINH": "Thành phố Hà Nội"
    },
    {
        "MATINH": "31",
        "TINH": "Thành phố Hải Phòng"
    },
    {
        "MATINH": "79",
        "TINH": "Thành phố Hồ Chí Minh"
    },
    {
        "MATINH": "89",
        "TINH": "Tỉnh An Giang"
    },
    {
        "MATINH": "77",
        "TINH": "Tỉnh Bà Rịa - Vũng Tàu"
    },
    {
        "MATINH": "24",
        "TINH": "Tỉnh Bắc Giang"
    },
    {
        "MATINH": "6",
        "TINH": "Tỉnh Bắc Kạn"
    },
    {
        "MATINH": "95",
        "TINH": "Tỉnh Bạc Liêu"
    },
    {
        "MATINH": "27",
        "TINH": "Tỉnh Bắc Ninh"
    },
    {
        "MATINH": "83",
        "TINH": "Tỉnh Bến Tre"
    },
    {
        "MATINH": "52",
        "TINH": "Tỉnh Bình Định"
    },
    {
        "MATINH": "74",
        "TINH": "Tỉnh Bình Dương"
    },
    {
        "MATINH": "70",
        "TINH": "Tỉnh Bình Phước"
    },
    {
        "MATINH": "60",
        "TINH": "Tỉnh Bình Thuận"
    },
    {
        "MATINH": "96",
        "TINH": "Tỉnh Cà Mau"
    },
    {
        "MATINH": "4",
        "TINH": "Tỉnh Cao Bằng"
    },
    {
        "MATINH": "66",
        "TINH": "Tỉnh Đắk Lắk"
    },
    {
        "MATINH": "67",
        "TINH": "Tỉnh Đắk Nông"
    },
    {
        "MATINH": "11",
        "TINH": "Tỉnh Điện Biên"
    },
    {
        "MATINH": "75",
        "TINH": "Tỉnh Đồng Nai"
    },
    {
        "MATINH": "87",
        "TINH": "Tỉnh Đồng Tháp"
    },
    {
        "MATINH": "64",
        "TINH": "Tỉnh Gia Lai"
    },
    {
        "MATINH": "2",
        "TINH": "Tỉnh Hà Giang"
    },
    {
        "MATINH": "35",
        "TINH": "Tỉnh Hà Nam"
    },
    {
        "MATINH": "42",
        "TINH": "Tỉnh Hà Tĩnh"
    },
    {
        "MATINH": "30",
        "TINH": "Tỉnh Hải Dương"
    },
    {
        "MATINH": "93",
        "TINH": "Tỉnh Hậu Giang"
    },
    {
        "MATINH": "17",
        "TINH": "Tỉnh Hoà Bình"
    },
    {
        "MATINH": "33",
        "TINH": "Tỉnh Hưng Yên"
    },
    {
        "MATINH": "56",
        "TINH": "Tỉnh Khánh Hòa"
    },
    {
        "MATINH": "91",
        "TINH": "Tỉnh Kiên Giang"
    },
    {
        "MATINH": "62",
        "TINH": "Tỉnh Kon Tum"
    },
    {
        "MATINH": "12",
        "TINH": "Tỉnh Lai Châu"
    },
    {
        "MATINH": "68",
        "TINH": "Tỉnh Lâm Đồng"
    },
    {
        "MATINH": "20",
        "TINH": "Tỉnh Lạng Sơn"
    },
    {
        "MATINH": "10",
        "TINH": "Tỉnh Lào Cai"
    },
    {
        "MATINH": "80",
        "TINH": "Tỉnh Long An"
    },
    {
        "MATINH": "36",
        "TINH": "Tỉnh Nam Định"
    },
    {
        "MATINH": "40",
        "TINH": "Tỉnh Nghệ An"
    },
    {
        "MATINH": "37",
        "TINH": "Tỉnh Ninh Bình"
    },
    {
        "MATINH": "58",
        "TINH": "Tỉnh Ninh Thuận"
    },
    {
        "MATINH": "25",
        "TINH": "Tỉnh Phú Thọ"
    },
    {
        "MATINH": "54",
        "TINH": "Tỉnh Phú Yên"
    },
    {
        "MATINH": "44",
        "TINH": "Tỉnh Quảng Bình"
    },
    {
        "MATINH": "49",
        "TINH": "Tỉnh Quảng Nam"
    },
    {
        "MATINH": "51",
        "TINH": "Tỉnh Quảng Ngãi"
    },
    {
        "MATINH": "22",
        "TINH": "Tỉnh Quảng Ninh"
    },
    {
        "MATINH": "45",
        "TINH": "Tỉnh Quảng Trị"
    },
    {
        "MATINH": "94",
        "TINH": "Tỉnh Sóc Trăng"
    },
    {
        "MATINH": "14",
        "TINH": "Tỉnh Sơn La"
    },
    {
        "MATINH": "72",
        "TINH": "Tỉnh Tây Ninh"
    },
    {
        "MATINH": "34",
        "TINH": "Tỉnh Thái Bình"
    },
    {
        "MATINH": "19",
        "TINH": "Tỉnh Thái Nguyên"
    },
    {
        "MATINH": "38",
        "TINH": "Tỉnh Thanh Hóa"
    },
    {
        "MATINH": "46",
        "TINH": "Tỉnh Thừa Thiên Huế"
    },
    {
        "MATINH": "82",
        "TINH": "Tỉnh Tiền Giang"
    },
    {
        "MATINH": "84",
        "TINH": "Tỉnh Trà Vinh"
    },
    {
        "MATINH": "8",
        "TINH": "Tỉnh Tuyên Quang"
    },
    {
        "MATINH": "86",
        "TINH": "Tỉnh Vĩnh Long"
    },
    {
        "MATINH": "26",
        "TINH": "Tỉnh Vĩnh Phúc"
    },
    {
        "MATINH": "15",
        "TINH": "Tỉnh Yên Bái"
    }
]
